raspPI_filestart,burstnumb,spp,trialdate,treatment,trialID,startside,burstFrom,burstTo,stalledAt,burstQual,stimQual,nFalseStart,Notes,testtemp,staff,acclimstart,trialstart,trialend,triallength,tunneltemp,holdingtank,fl_mm,mass_g,QAQC_Y_N,TagHex_ID,
T01_08_14_2023,1,DS,8/14/23,HC,T01,L,8,14,N/A,F,F,2,"started slow, burst starting gate 8",12,SG,9:07,9:17,9:40,23,12.4,AES-2,85,5,Y,,
T01_08_14_2023,2,DS,8/14/23,HC,T01,R,0,14,N/A,P,P,0,"slow burst, poor stim",12,SG,9:07,9:17,9:40,23,12.4,AES-2,85,5,Y,,
T01_08_14_2023,3,DS,8/14/23,HC,T01,L,0,14,N/A,F,F,0,delay due to laser misalignment,12,SG,9:07,9:17,9:40,23,12.4,AES-2,85,5,Y,,
T01_08_14_2023,4,DS,8/14/23,HC,T01,R,0,14,9,G,G,1,"stalled @ 9, then bursted again w/out stim",12,SG,9:07,9:17,9:40,23,12.4,AES-2,85,5,Y,,
T01_08_14_2023,5,DS,8/14/23,HC,T01,L,11,14,N/A,F,F,0,"slow start, strong burst 11-14",12,SG,9:07,9:17,9:40,23,12.4,AES-2,85,5,Y,,
T01_08_14_2023,6,DS,8/14/23,HC,T01,R,6,14,N/A,G,G,0,strong burst after gate 6,12,SG,9:07,9:17,9:40,23,12.4,AES-2,85,5,Y,,
T01_08_14_2023,7,DS,8/14/23,HC,T01,L,0,14,11,G,G,0,N/A,12,SG,9:07,9:17,9:40,23,12.4,AES-2,85,5,Y,,
T01_08_14_2023,8,DS,8/14/23,HC,T01,R,0,7,7,F,P,0,"poor stim, decent burst until gate 7, fish fatiguing ",12,SG,9:07,9:17,9:40,23,12.4,AES-2,85,5,Y,,
T02_08_14_2023,1,DS,8/14/23,LS,T02,R,2,14,N/A,G,P,0,"slow start, then strong burst 2-14",12,SG,10:04,10:15,10:27,12,12.1,AES-3,86,4.5,Y,,
T02_08_14_2023,2,DS,8/14/23,LS,T02,R,0,14,10,F,F,0,N/A,12,SG,10:04,10:15,10:27,12,12.1,AES-3,86,4.5,Y,,
T02_08_14_2023,3,DS,8/14/23,LS,T02,L,2,14,N/A,G,G,1,"slow start, good burst 2-14",12,SG,10:04,10:15,10:27,12,12.1,AES-3,86,4.5,Y,,
T02_08_14_2023,4,DS,8/14/23,LS,T02,L,0,10,10,G,P,0,"no stim, strong burst 0-10",12,SG,10:04,10:15,10:27,12,12.1,AES-3,86,4.5,Y,,
T02_08_14_2023,5,DS,8/14/23,LS,T02,L,0,14,N/A,G,G,1,very good,12,SG,10:04,10:15,10:27,12,12.1,AES-3,86,4.5,Y,,
T02_08_14_2023,6,DS,8/14/23,LS,T02,R,7,14,5,G,F,0,"0-5 good, stalled, 7-14 good",12,SG,10:04,10:15,10:27,12,12.1,AES-3,86,4.5,Y,,
T02_08_14_2023,7,DS,8/14/23,LS,T02,L,0,6,6,P,P,0,stopped at turned around @ 6,12,SG,10:04,10:15,10:27,12,12.1,AES-3,86,4.5,Y,,
T02_08_14_2023,8,DS,8/14/23,LS,T02,L,0,14,N/A,G,G,0,good burst,12,SG,10:04,10:15,10:27,12,12.1,AES-3,86,4.5,Y,,
T03_08_14_2023,1,DS,8/14/23,FC,T03,L,0,14,N/A,G,G,1,great,12,SG,10:34,10:44,10:55,11,12.3,AES-1,74,2.9,Y,,
T03_08_14_2023,2,DS,8/14/23,FC,T03,R,9,14,5,F,P,0,"0-5, stall, 9-14",12,SG,10:34,10:44,10:55,11,12.3,AES-1,74,2.9,Y,,
T03_08_14_2023,3,DS,8/14/23,FC,T03,L,0,14,N/A,G,G,1,great,12,SG,10:34,10:44,10:55,11,12.3,AES-1,74,2.9,Y,,
T03_08_14_2023,4,DS,8/14/23,FC,T03,R,0,14,N/A,P,F,0,"very slow, poor burst",12,SG,10:34,10:44,10:55,11,12.3,AES-1,74,2.9,Y,,
T03_08_14_2023,5,DS,8/14/23,FC,T03,R,10,14,7,G,F,0,"slow start, good burst after 2nd stim, 10-14",12,SG,10:34,10:44,10:55,11,12.3,AES-1,74,2.9,Y,,
T03_08_14_2023,6,DS,8/14/23,FC,T03,R,0,14,N/A,F,F,0,"slow, steady",12,SG,10:34,10:44,10:55,11,12.3,AES-1,74,2.9,Y,,
T03_08_14_2023,7,DS,8/14/23,FC,T03,L,0,8,8,F,P,0,good 0-8 then stall,12,SG,10:34,10:44,10:55,11,12.3,AES-1,74,2.9,Y,,
T03_08_14_2023,8,DS,8/14/23,FC,T03,L,0,8,9,G,G,1,good 0-8 then stall,12,SG,10:34,10:44,10:55,11,12.3,AES-1,74,2.9,Y,,
T04_08_14_2023,1,DS,8/14/23,VS,T04,R,2,14,N/A,G,G,0,"slow start, good 2-14",12,SG,11:02,11:12,11:23,11,12.2,AES-4,92,7.5,Y,,
T04_08_14_2023,2,DS,8/14/23,VS,T04,L,0,14,N/A,P,P,3,poor ,12,SG,11:02,11:12,11:23,11,12.2,AES-4,92,7.5,Y,,
T04_08_14_2023,3,DS,8/14/23,VS,T04,R,0,7,7,P,G,0,"stopped, turned around",12,SG,11:02,11:12,11:23,11,12.2,AES-4,92,7.5,Y,,
T04_08_14_2023,4,DS,8/14/23,VS,T04,L,0,14,N/A,P,G,0,came out of water,12,SG,11:02,11:12,11:23,11,12.2,AES-4,92,7.5,Y,,
T04_08_14_2023,5,DS,8/14/23,VS,T04,R,0,11,11,F,G,0,fair burst 0-11,12,SG,11:02,11:12,11:23,11,12.2,AES-4,92,7.5,Y,,
T04_08_14_2023,6,DS,8/14/23,VS,T04,L,0,14,N/A,G,G,1,great,12,SG,11:02,11:12,11:23,11,12.2,AES-4,92,7.5,Y,,
T04_08_14_2023,7,DS,8/14/23,VS,T04,R,0,14,8,F,F,0,N/A,12,SG,11:02,11:12,11:23,11,12.2,AES-4,92,7.5,Y,,
T04_08_14_2023,8,DS,8/14/23,VS,T04,L,3,14,N/A,G,G,0,"came out of water, good 3-14",12,SG,11:02,11:12,11:23,11,12.2,AES-4,92,7.5,Y,,
T05_08_14_2023,1,DS,8/14/23,VS,T05,R,0,14,N/A,P,P,0,"poor stim, slow burst",12,SG,11:40,11:50,12:04,14,12.3,AES-4,87,3.6,Y,,
T05_08_14_2023,2,DS,8/14/23,VS,T05,L,0,14,N/A,F,P,0,"poor stim, slow burst",12,SG,11:40,11:50,12:04,14,12.3,AES-4,87,3.6,Y,,
T05_08_14_2023,3,DS,8/14/23,VS,T05,R,0,14,N/A,G,F,0,N/A,12,SG,11:40,11:50,12:04,14,12.3,AES-4,87,3.6,Y,,
T05_08_14_2023,4,DS,8/14/23,VS,T05,L,0,14,N/A,F,G,0,not super resposive to stim,12,SG,11:40,11:50,12:04,14,12.3,AES-4,87,3.6,Y,,
T05_08_14_2023,5,DS,8/14/23,VS,T05,R,0,14,N/A,P,F,0,not super resposive to stim,12,SG,11:40,11:50,12:04,14,12.3,AES-4,87,3.6,Y,,
T05_08_14_2023,6,DS,8/14/23,VS,T05,L,0,14,N/A,P,G,2,"not super resposive to stim, giving longer break",12,SG,11:40,11:50,12:04,14,12.3,AES-4,87,3.6,Y,,
T05_08_14_2023,7,DS,8/14/23,VS,T05,R,4,14,N/A,G,G,0,"4-14 good, slow start",12,SG,11:40,11:50,12:04,14,12.3,AES-4,87,3.6,Y,,
T05_08_14_2023,8,DS,8/14/23,VS,T05,L,0,14,N/A,G,F,0,N/A,12,SG,11:40,11:50,12:04,14,12.3,AES-4,87,3.6,Y,,
T05_08_14_2023,9,DS,8/14/23,VS,T05,L,0,14,N/A,G,G,0,"great, extras to try to get better stim",12,SG,11:40,11:50,12:04,14,12.3,AES-4,87,3.6,Y,,
T05_08_14_2023,10,DS,8/14/23,VS,T05,R,0,14,N/A,G,G,0,extra ,12,SG,11:40,11:50,12:04,14,12.3,AES-4,87,3.6,Y,,
T06_08_14_2023,1,DS,8/14/23,VT,T06,R,0,14,N/A,G,G,0,out of water 5-7,12,SG,12:42,12:52,13:02,10,12.5,AES-6,86,4.3,Y,046F,
T06_08_14_2023,2,DS,8/14/23,VT,T06,L,0,14,N/A,F,F,0,N/A,12,SG,12:42,12:52,13:02,10,12.5,AES-6,86,4.3,Y,046F,
T06_08_14_2023,3,DS,8/14/23,VT,T06,R,0,14,N/A,G,G,1,N/A,12,SG,12:42,12:52,13:02,10,12.5,AES-6,86,4.3,Y,046F,
T06_08_14_2023,4,DS,8/14/23,VT,T06,L,3,14,N/A,G,G,0,missed gates 0-2 somehow,12,SG,12:42,12:52,13:02,10,12.5,AES-6,86,4.3,Y,046F,
T06_08_14_2023,5,DS,8/14/23,VT,T06,R,0,14,N/A,G,G,1,laser malfunction?,12,SG,12:42,12:52,13:02,10,12.5,AES-6,86,4.3,Y,046F,
T06_08_14_2023,6,DS,8/14/23,VT,T06,L,4,14,N/A,G,G,0,"good 4-14, laser 3 malfunctioning",12,SG,12:42,12:52,13:02,10,12.5,AES-6,86,4.3,Y,046F,
T06_08_14_2023,7,DS,8/14/23,VT,T06,R,4,14,N/A,G,G,0,"good 4-14, slow start",12,SG,12:42,12:52,13:02,10,12.5,AES-6,86,4.3,Y,046F,
T06_08_14_2023,8,DS,8/14/23,VT,T06,L,0,14,N/A,F,G,0,N/A,12,SG,12:42,12:52,13:02,10,12.5,AES-6,86,4.3,Y,046F,
T07_08_14_2023,1,DS,8/14/23,LT,T07,L,0,14,N/A,P,F,0,N/A,12,SG,13:07,13:17,13:28,11,12.8,AES-5,82,4.2,Y,0772,
T07_08_14_2023,2,DS,8/14/23,LT,T07,R,0,14,N/A,F,F,0,N/A,12,SG,13:07,13:17,13:28,11,12.8,AES-5,82,4.2,Y,0772,
T07_08_14_2023,3,DS,8/14/23,LT,T07,L,0,14,N/A,P,G,2,N/A,12,SG,13:07,13:17,13:28,11,12.8,AES-5,82,4.2,Y,0772,
T07_08_14_2023,4,DS,8/14/23,LT,T07,R,0,14,N/A,G,G,0,N/A,12,SG,13:07,13:17,13:28,11,12.8,AES-5,82,4.2,Y,0772,
T07_08_14_2023,5,DS,8/14/23,LT,T07,L,0,12,12,P,P,1,stall @ 12,12,SG,13:07,13:17,13:28,11,12.8,AES-5,82,4.2,Y,0772,
T07_08_14_2023,6,DS,8/14/23,LT,T07,R,0,4,N/A,P,P,1,turned around after 4 gates,12,SG,13:07,13:17,13:28,11,12.8,AES-5,82,4.2,Y,0772,
T07_08_14_2023,7,DS,8/14/23,LT,T07,R,0,14,N/A,G,G,0,N/A,12,SG,13:07,13:17,13:28,11,12.8,AES-5,82,4.2,Y,0772,
T07_08_14_2023,8,DS,8/14/23,LT,T07,L,0,4,N/A,P,F,0,N/A,12,SG,13:07,13:17,13:28,11,12.8,AES-5,82,4.2,Y,0772,
T07_08_14_2023,9,DS,8/14/23,LT,T07,L,0,14,N/A,G,G,0,N/A,12,SG,13:07,13:17,13:28,11,12.8,AES-5,82,4.2,Y,0772,
T08_08_14_2023,1,DS,8/14/23,LS,T08,R,0,14,N/A,G,G,1,Gate 11 malfunction,12,SG,13:33,13:43,14:01,18,12,AES-3,75,3,Y,,
T08_08_14_2023,2,DS,8/14/23,LS,T08,L,0,14,N/A,F,G,0,N/A,12,SG,13:33,13:43,14:01,18,12,AES-3,75,3,Y,,
T08_08_14_2023,3,DS,8/14/23,LS,T08,R,0,14,4,P,G,0,Poor response to stimulus,12,SG,13:33,13:43,14:01,18,12,AES-3,75,3,Y,,
T08_08_14_2023,4,DS,8/14/23,LS,T08,L,0,14,"2;5,9",P,G,0,"Poor response to stimulus, 30 seconds recovery",12,SG,13:33,13:43,14:01,18,12,AES-3,75,3,Y,,
T08_08_14_2023,5,DS,8/14/23,LS,T08,R,0,5,N/A,P,F,0,"Gate system malfunction @ start of trial, added 7 min",12,SG,13:33,13:43,14:01,18,12,AES-3,75,3,Y,,
T08_08_14_2023,6,DS,8/14/23,LS,T08,R,3,14,N/A,G,G,0,Good 3 thru 14; swam back after 2 stops,12,SG,13:33,13:43,14:01,18,12,AES-3,75,3,Y,,
T08_08_14_2023,7,DS,8/14/23,LS,T08,L,0,14,6,P,P,0,N/A,12,SG,13:33,13:43,14:01,18,12,AES-3,75,3,Y,,
T08_08_14_2023,8,DS,8/14/23,LS,T08,R,6,14,4,G,G,0,N/A,12,SG,13:33,13:43,14:01,18,12,AES-3,75,3,Y,,
T09_08_14_2023,1,DS,8/14/23,LS,T09,R,0,14,N/A,F,F,0,N/A,12,SG,14:05,14:15,14:24,9,11.8,AES-3,77,2.4,Y,,
T09_08_14_2023,2,DS,8/14/23,LS,T09,L,0,14,N/A,G,G,0,"Out of water: gates 2,3",12,SG,14:05,14:15,14:24,9,11.8,AES-3,77,2.4,Y,,
T09_08_14_2023,3,DS,8/14/23,LS,T09,R,0,14,11,P,P,0,N/A,12,SG,14:05,14:15,14:24,9,11.8,AES-3,77,2.4,Y,,
T09_08_14_2023,4,DS,8/14/23,LS,T09,L,0,14,N/A,G,G,1,N/A,12,SG,14:05,14:15,14:24,9,11.8,AES-3,77,2.4,Y,,
T09_08_14_2023,5,DS,8/14/23,LS,T09,L,0,14,N/A,P,P,0,N/A,12,SG,14:05,14:15,14:24,9,11.8,AES-3,77,2.4,Y,,
T09_08_14_2023,6,DS,8/14/23,LS,T09,R,0,14,9,G,P,0,N/A,12,SG,14:05,14:15,14:24,9,11.8,AES-3,77,2.4,Y,,
T09_08_14_2023,7,DS,8/14/23,LS,T09,L,3,14,N/A,G,G,1,N/A,12,SG,14:05,14:15,14:24,9,11.8,AES-3,77,2.4,Y,,
T09_08_14_2023,8,DS,8/14/23,LS,T09,R,0,14,N/A,P,P,0,Starting LOE,12,SG,14:05,14:15,14:24,9,11.8,AES-3,77,2.4,Y,,
T10_08_14_2023,1,DS,8/14/23,FC,T10,L,0,14,N/A,P,G,0,N/A,12,SG,14:30,14:40,14:50,10,12,AES-1,82,4,Y,,
T10_08_14_2023,2,DS,8/14/23,FC,T10,R,0,14,N/A,G,G,0,N/A,12,SG,14:30,14:40,14:50,10,12,AES-1,82,4,Y,,
T10_08_14_2023,3,DS,8/14/23,FC,T10,L,0,14,12,F,P,0,N/A,12,SG,14:30,14:40,14:50,10,12,AES-1,82,4,Y,,
T10_08_14_2023,4,DS,8/14/23,FC,T10,R,0,14,N/A,P,G,0,Kept trying to turn into wall,12,SG,14:30,14:40,14:50,10,12,AES-1,82,4,Y,,
T10_08_14_2023,5,DS,8/14/23,FC,T10,L,4,14,N/A,G,G,0,good 4-14,12,SG,14:30,14:40,14:50,10,12,AES-1,82,4,Y,,
T10_08_14_2023,6,DS,8/14/23,FC,T10,R,0,14,N/A,G,G,0,N/A,12,SG,14:30,14:40,14:50,10,12,AES-1,82,4,Y,,
T10_08_14_2023,7,DS,8/14/23,FC,T10,L,5,14,N/A,G,G,3,14-May,12,SG,14:30,14:40,14:50,10,12,AES-1,82,4,Y,,
T10_08_14_2023,8,DS,8/14/23,FC,T10,R,0,14,N/A,P,P,0,Trying to swim into wall,12,SG,14:30,14:40,14:50,10,12,AES-1,82,4,Y,,
T11_08_14_2023,1,DS,8/14/23,HC,T11,R,5,14,N/A,G,G,1,14-May,12,SG,14:54,15:04,15:18,14,12.9,AES-2,81,3.4,Y,,
T11_08_14_2023,2,DS,8/14/23,HC,T11,L,2,14,N/A,G,G,0,14-Feb,12,SG,14:54,15:04,15:18,14,12.9,AES-2,81,3.4,Y,,
T11_08_14_2023,3,DS,8/14/23,HC,T11,R,0,14,N/A,G,G,0,N/A,12,SG,14:54,15:04,15:18,14,12.9,AES-2,81,3.4,Y,,
T11_08_14_2023,4,DS,8/14/23,HC,T11,L,8,14,N/A,F,F,1,14-Aug,12,SG,14:54,15:04,15:18,14,12.9,AES-2,81,3.4,Y,,
T11_08_14_2023,5,DS,8/14/23,HC,T11,R,0,14,N/A,G,G,0,N/A,12,SG,14:54,15:04,15:18,14,12.9,AES-2,81,3.4,Y,,
T11_08_14_2023,6,DS,8/14/23,HC,T11,L,0,14,N/A,G,G,0,Laser malfuncion; stop trial due to system malfunction ,12,SG,14:54,15:04,15:18,14,12.9,AES-2,81,3.4,Y,,
T12_08_14_2023,1,DS,8/14/23,LT,T12,L,0,14,9,G,G,0,N/A,12,SG,17:41,17:51,17:59,8,12.8,AES-5,89,4.9,Y,07A9,
T12_08_14_2023,2,DS,8/14/23,LT,T12,L,0,14,12,F,P,0,N/A,12,SG,17:41,17:51,17:59,8,12.8,AES-5,89,4.9,Y,07A9,
T12_08_14_2023,3,DS,8/14/23,LT,T12,L,0,N/A,N/A,F,P,0,N/A,12,SG,17:41,17:51,17:59,8,12.8,AES-5,89,4.9,Y,07A9,
T12_08_14_2023,4,DS,8/14/23,LT,T12,R,0,14,N/A,G,G,0,Fail: Wrong direction,12,SG,17:41,17:51,17:59,8,12.8,AES-5,89,4.9,Y,07A9,
T12_08_14_2023,5,DS,8/14/23,LT,T12,L,6,14,N/A,G,G,0,"Slow start, good 6-14",12,SG,17:41,17:51,17:59,8,12.8,AES-5,89,4.9,Y,07A9,
T12_08_14_2023,6,DS,8/14/23,LT,T12,R,0,14,N/A,G,P,0,N/A,12,SG,17:41,17:51,17:59,8,12.8,AES-5,89,4.9,Y,07A9,
T12_08_14_2023,7,DS,8/14/23,LT,T12,L,10,14,N/A,G,G,0,14-Oct,12,SG,17:41,17:51,17:59,8,12.8,AES-5,89,4.9,Y,07A9,
T12_08_14_2023,8,DS,8/14/23,LT,T12,R,0,14,N/A,G,F,0,very good,12,SG,17:41,17:51,17:59,8,12.8,AES-5,89,4.9,Y,07A9,
T13_08_14_2023,1,DS,8/14/23,LT,T13,R,0,14,N/A,G,G,0,N/A,12,SG,17:59,18:09,18:17,8,12.8,AES-5,77,3.4,Y,060E,
T13_08_14_2023,2,DS,8/14/23,LT,T13,L,0,14,N/A,G,G,0,Missed 7,12,SG,17:59,18:09,18:17,8,12.8,AES-5,77,3.4,Y,060E,
T13_08_14_2023,3,DS,8/14/23,LT,T13,R,4,14,N/A,G,G,0,"Slow start, 4-14 good, missed 10 and 12",12,SG,17:59,18:09,18:17,8,12.8,AES-5,77,3.4,Y,060E,
T13_08_14_2023,4,DS,8/14/23,LT,T13,L,0,14,N/A,G,G,0,very good,12,SG,17:59,18:09,18:17,8,12.8,AES-5,77,3.4,Y,060E,
T13_08_14_2023,5,DS,8/14/23,LT,T13,R,3,14,N/A,G,G,0,14-Mar,12,SG,17:59,18:09,18:17,8,12.8,AES-5,77,3.4,Y,060E,
T13_08_14_2023,6,DS,8/14/23,LT,T13,L,0,14,N/A,G,G,0,N/A,12,SG,17:59,18:09,18:17,8,12.8,AES-5,77,3.4,Y,060E,
T13_08_14_2023,7,DS,8/14/23,LT,T13,R,0,6,N/A,P,P,0,N/A,12,SG,17:59,18:09,18:17,8,12.8,AES-5,77,3.4,Y,060E,
T13_08_14_2023,8,DS,8/14/23,LT,T13,R,0,14,N/A,F,F,1,fatiguing,12,SG,17:59,18:09,18:17,8,12.8,AES-5,77,3.4,Y,060E,
T14_08_14_2023,1,DS,8/14/23,VT,T14,R,N/A,N/A,N/A,P,N/A,0,fail,12,SG,18:20,18:30,18:38,8,12.8,AES-6,80,3,Y,0796,
T14_08_14_2023,2,DS,8/14/23,VT,T14,R,0,14,N/A,P,P,0,N/A,12,SG,18:20,18:30,18:38,8,12.8,AES-6,80,3,Y,0796,
T14_08_14_2023,3,DS,8/14/23,VT,T14,L,8,14,N/A,G,G,0,14-Aug,12,SG,18:20,18:30,18:38,8,12.8,AES-6,80,3,Y,0796,
T14_08_14_2023,4,DS,8/14/23,VT,T14,R,0,14,N/A,G,G,1,N/A,12,SG,18:20,18:30,18:38,8,12.8,AES-6,80,3,Y,0796,
T14_08_14_2023,5,DS,8/14/23,VT,T14,R,0,14,12,G,G,0,N/A,12,SG,18:20,18:30,18:38,8,12.8,AES-6,80,3,Y,0796,
T14_08_14_2023,6,DS,8/14/23,VT,T14,L,0,14,N/A,G,G,0,very good,12,SG,18:20,18:30,18:38,8,12.8,AES-6,80,3,Y,0796,
T14_08_14_2023,7,DS,8/14/23,VT,T14,R,0,14,8,F,P,1,N/A,12,SG,18:20,18:30,18:38,8,12.8,AES-6,80,3,Y,0796,
T14_08_14_2023,8,DS,8/14/23,VT,T14,L,0,14,N/A,F,F,0,N/A,12,SG,18:20,18:30,18:38,8,12.8,AES-6,80,3,Y,0796,
T15_08_14_2023,1,DS,8/14/23,FC,T15,R,7,14,N/A,G,G,0,14-Jul,12,SG,18:38,18:48,18:56,8,13,AES-1,77,3.2,Y,,
T15_08_14_2023,2,DS,8/14/23,FC,T15,L,6,14,N/A,G,G,0,14-Jun,12,SG,18:38,18:48,18:56,8,13,AES-1,77,3.2,Y,,
T15_08_14_2023,3,DS,8/14/23,FC,T15,R,0,14,N/A,G,G,0,good burst but out of water a lot,12,SG,18:38,18:48,18:56,8,13,AES-1,77,3.2,Y,,
T15_08_14_2023,4,DS,8/14/23,FC,T15,L,3,14,N/A,G,G,0,14-Mar,12,SG,18:38,18:48,18:56,8,13,AES-1,77,3.2,Y,,
T15_08_14_2023,5,DS,8/14/23,FC,T15,R,0,12,12,G,P,0,0-12,12,SG,18:38,18:48,18:56,8,13,AES-1,77,3.2,Y,,
T15_08_14_2023,6,DS,8/14/23,FC,T15,L,0,14,N/A,P,P,0,N/A,12,SG,18:38,18:48,18:56,8,13,AES-1,77,3.2,Y,,
T15_08_14_2023,7,DS,8/14/23,FC,T15,R,4,14,N/A,G,G,0,14-Apr,12,SG,18:38,18:48,18:56,8,13,AES-1,77,3.2,Y,,
T15_08_14_2023,8,DS,8/14/23,FC,T15,L,4,14,N/A,G,G,0,14-Apr,12,SG,18:38,18:48,18:56,8,13,AES-1,77,3.2,Y,,
T16_08_14_2023,1,DS,8/14/23,HC,T16,L,0,14,N/A,P,P,0,N/A,12,SG,18:54,19:04,19:13,9,12.9,AES-2,84,4.1,Y,,
T16_08_14_2023,2,DS,8/14/23,HC,T16,R,3,7,N/A,F,G,0,7-Mar,12,SG,18:54,19:04,19:13,9,12.9,AES-2,84,4.1,Y,,
T16_08_14_2023,3,DS,8/14/23,HC,T16,L,0,14,N/A,G,G,0,"missed 4,5 and 7",12,SG,18:54,19:04,19:13,9,12.9,AES-2,84,4.1,Y,,
T16_08_14_2023,4,DS,8/14/23,HC,T16,R,0,14,N/A,F,P,0,N/A,12,SG,18:54,19:04,19:13,9,12.9,AES-2,84,4.1,Y,,
T16_08_14_2023,5,DS,8/14/23,HC,T16,L,5,14,N/A,G,G,1,14-May,12,SG,18:54,19:04,19:13,9,12.9,AES-2,84,4.1,Y,,
T16_08_14_2023,6,DS,8/14/23,HC,T16,R,0,14,N/A,P,F,0,N/A,12,SG,18:54,19:04,19:13,9,12.9,AES-2,84,4.1,Y,,
T16_08_14_2023,7,DS,8/14/23,HC,T16,L,0,14,N/A,P,F,0,N/A,12,SG,18:54,19:04,19:13,9,12.9,AES-2,84,4.1,Y,,
T16_08_14_2023,8,DS,8/14/23,HC,T16,R,0,14,N/A,P,G,1,N/A,12,SG,18:54,19:04,19:13,9,12.9,AES-2,84,4.1,Y,,
T16_08_14_2023,9,DS,8/14/23,HC,T16,L,0,14,N/A,F,F,0,N/A,12,SG,18:54,19:04,19:13,9,12.9,AES-2,84,4.1,Y,,
T16_08_14_2023,10,DS,8/14/23,HC,T16,R,7,13,N/A,G,G,0,13-Jul,12,SG,18:54,19:04,19:13,9,12.9,AES-2,84,4.1,Y,,
T17_08_15_2023,1,DS,8/15/23,LS,T17,R,0,14,N/A,P,G,1,N/A,12,SG,8:30,8:40,8:50,10,12.3,AES-3,70,2.9,Y,,
T17_08_15_2023,2,DS,8/15/23,LS,T17,L,0,14,N/A,F,P,0,N/A,12,SG,8:30,8:40,8:50,10,12.3,AES-3,70,2.9,Y,,
T17_08_15_2023,3,DS,8/15/23,LS,T17,R,0,14,N/A,P,F,0,N/A,12,SG,8:30,8:40,8:50,10,12.3,AES-3,70,2.9,Y,,
T17_08_15_2023,4,DS,8/15/23,LS,T17,L,0,14,N/A,G,G,0,N/A,12,SG,8:30,8:40,8:50,10,12.3,AES-3,70,2.9,Y,,
T17_08_15_2023,5,DS,8/15/23,LS,T17,R,0,14,N/A,G,G,0,N/A,12,SG,8:30,8:40,8:50,10,12.3,AES-3,70,2.9,Y,,
T17_08_15_2023,6,DS,8/15/23,LS,T17,L,0,14,11,F,G,1,N/A,12,SG,8:30,8:40,8:50,10,12.3,AES-3,70,2.9,Y,,
T17_08_15_2023,7,DS,8/15/23,LS,T17,R,0,14,12,G,G,0,12-Feb,12,SG,8:30,8:40,8:50,10,12.3,AES-3,70,2.9,Y,,
T17_08_15_2023,8,DS,8/15/23,LS,T17,L,2,12,N/A,N/A,N/A,0,failed-started on wrong side,12,SG,8:30,8:40,8:50,10,12.3,AES-3,70,2.9,Y,,
T17_08_15_2023,9,DS,8/15/23,LS,T17,L,0,14,N/A,F,F,0,N/A,12,SG,8:30,8:40,8:50,10,12.3,AES-3,70,2.9,Y,,
T18_08_15_2023,1,DS,8/15/23,LS,T18,L,8,14,N/A,G,P,1,good 8-14,12,SG,8:50,9:00,9:10,10,12.5,AES-3,70,2.6,Y,,
T18_08_15_2023,2,DS,8/15/23,LS,T18,R,0,14,N/A,F,P,0,N/A,12,SG,8:50,9:00,9:10,10,12.5,AES-3,70,2.6,Y,,
T18_08_15_2023,3,DS,8/15/23,LS,T18,L,4,14,N/A,G,G,0,14-Apr,12,SG,8:50,9:00,9:10,10,12.5,AES-3,70,2.6,Y,,
T18_08_15_2023,4,DS,8/15/23,LS,T18,R,0,14,N/A,F,F,0,N/A,12,SG,8:50,9:00,9:10,10,12.5,AES-3,70,2.6,Y,,
T18_08_15_2023,5,DS,8/15/23,LS,T18,L,0,14,N/A,F,F,0,N/A,12,SG,8:50,9:00,9:10,10,12.5,AES-3,70,2.6,Y,,
T18_08_15_2023,6,DS,8/15/23,LS,T18,R,10,14,N/A,G,G,0,14-Oct,12,SG,8:50,9:00,9:10,10,12.5,AES-3,70,2.6,Y,,
T18_08_15_2023,7,DS,8/15/23,LS,T18,L,0,14,N/A,G,G,3,laser malfunction,12,SG,8:50,9:00,9:10,10,12.5,AES-3,70,2.6,Y,,
T18_08_15_2023,8,DS,8/15/23,LS,T18,R,9,14,N/A,G,G,1,14-Sep,12,SG,8:50,9:00,9:10,10,12.5,AES-3,70,2.6,Y,,
T19_08_15_2023,1,DS,8/15/23,FC,T19,L,0,14,N/A,G,P,0,N/A,12,SG,9:22,9:32,9:40,8,12.8,AES-1,82,3.3,Y,,
T19_08_15_2023,2,DS,8/15/23,FC,T19,R,0,14,N/A,G,G,0,missed 9 and 10,12,SG,9:22,9:32,9:40,8,12.8,AES-1,82,3.3,Y,,
T19_08_15_2023,3,DS,8/15/23,FC,T19,L,0,14,N/A,G,G,0,N/A,12,SG,9:22,9:32,9:40,8,12.8,AES-1,82,3.3,Y,,
T19_08_15_2023,4,DS,8/15/23,FC,T19,R,8,14,N/A,F,P,0,good 8-14,12,SG,9:22,9:32,9:40,8,12.8,AES-1,82,3.3,Y,,
T19_08_15_2023,5,DS,8/15/23,FC,T19,L,4,14,N/A,G,G,2,good 4-14,12,SG,9:22,9:32,9:40,8,12.8,AES-1,82,3.3,Y,,
T19_08_15_2023,6,DS,8/15/23,FC,T19,R,0,14,N/A,P,P,0,N/A,12,SG,9:22,9:32,9:40,8,12.8,AES-1,82,3.3,Y,,
T19_08_15_2023,7,DS,8/15/23,FC,T19,L,3,14,N/A,G,G,2,good 3-14,12,SG,9:22,9:32,9:40,8,12.8,AES-1,82,3.3,Y,,
T19_08_15_2023,8,DS,8/15/23,FC,T19,R,0,14,N/A,F,P,0,N/A,12,SG,9:22,9:32,9:40,8,12.8,AES-1,82,3.3,Y,,
T20_08_15_2023,1,DS,8/15/23,VT,T20,L,0,14,9,P,P,0,N/A,12,SG,9:40,9:50,9:58,8,12.6,AES-6,71,2.8,Y,01FD,maybe wrong code
T20_08_15_2023,2,DS,8/15/23,VT,T20,R,0,14,N/A,P,P,1,N/A,12,SG,9:40,9:50,9:58,8,12.6,AES-6,71,2.8,Y,01FD,
T20_08_15_2023,3,DS,8/15/23,VT,T20,L,0,5,N/A,P,P,1,N/A,12,SG,9:40,9:50,9:58,8,12.6,AES-6,71,2.8,Y,01FD,
T20_08_15_2023,4,DS,8/15/23,VT,T20,L,3,14,N/A,G,G,0,good 3-14,12,SG,9:40,9:50,9:58,8,12.6,AES-6,71,2.8,Y,01FD,
T20_08_15_2023,5,DS,8/15/23,VT,T20,R,9,14,N/A,F,F,0,14-Sep,12,SG,9:40,9:50,9:58,8,12.6,AES-6,71,2.8,Y,01FD,
T20_08_15_2023,6,DS,8/15/23,VT,T20,L,8,14,N/A,G,G,0,good 8-14,12,SG,9:40,9:50,9:58,8,12.6,AES-6,71,2.8,Y,01FD,
T20_08_15_2023,7,DS,8/15/23,VT,T20,R,0,14,N/A,P,G,1,N/A,12,SG,9:40,9:50,9:58,8,12.6,AES-6,71,2.8,Y,01FD,
T20_08_15_2023,8,DS,8/15/23,VT,T20,L,7,14,N/A,G,G,0,good 7-14,12,SG,9:40,9:50,9:58,8,12.6,AES-6,71,2.8,Y,01FD,
T21_08_15_2023,1,DS,8/15/23,FC,T21,L,0,0,N/A,N/A,N/A,0,disregard-wrong side,12,SG,9:58,10:10,10:20,10,12.7,AES-1,71,2.6,Y,,
T21_08_15_2023,2,DS,8/15/23,FC,T21,R,0,7,8,G,G,1,good 0-7,12,SG,9:58,10:10,10:20,10,12.7,AES-1,71,2.6,Y,,
T21_08_15_2023,3,DS,8/15/23,FC,T21,L,0,14,N/A,F,P,0,N/A,12,SG,9:58,10:10,10:20,10,12.7,AES-1,71,2.6,Y,,
T21_08_15_2023,4,DS,8/15/23,FC,T21,R,0,13,N/A,G,G,0,good 0-13; missed many gates,12,SG,9:58,10:10,10:20,10,12.7,AES-1,71,2.6,Y,,
T21_08_15_2023,5,DS,8/15/23,FC,T21,L,4,14,N/A,G,G,0,good 4-14,12,SG,9:58,10:10,10:20,10,12.7,AES-1,71,2.6,Y,,
T21_08_15_2023,6,DS,8/15/23,FC,T21,R,0,14,N/A,P,F,0,N/A,12,SG,9:58,10:10,10:20,10,12.7,AES-1,71,2.6,Y,,
T21_08_15_2023,7,DS,8/15/23,FC,T21,L,0,14,N/A,P,P,0,N/A,12,SG,9:58,10:10,10:20,10,12.7,AES-1,71,2.6,Y,,
T21_08_15_2023,8,DS,8/15/23,FC,T21,R,0,14,N/A,G,G,0,missed 11,12,SG,9:58,10:10,10:20,10,12.7,AES-1,71,2.6,Y,,
T21_08_15_2023,9,DS,8/15/23,FC,T21,L,4,14,N/A,G,G,0,14-Apr,12,SG,9:58,10:10,10:20,10,12.7,AES-1,71,2.6,Y,,
T22_08_15_2023,1,DS,8/15/23,VS,T22,R,0,14,N/A,P,P,0,appears to be gravid,12,SG,10:20,10:30,10:40,10,12.6,AES-4,85,4.6,Y,,
T22_08_15_2023,2,DS,8/15/23,VS,T22,L,0,14,N/A,P,G,0,N/A,12,SG,10:20,10:30,10:40,10,12.6,AES-4,85,4.6,Y,,
T22_08_15_2023,3,DS,8/15/23,VS,T22,R,0,14,N/A,F,G,0,N/A,12,SG,10:20,10:30,10:40,10,12.6,AES-4,85,4.6,Y,,
T22_08_15_2023,4,DS,8/15/23,VS,T22,L,0,14,N/A,F,G,0,N/A,12,SG,10:20,10:30,10:40,10,12.6,AES-4,85,4.6,Y,,
T22_08_15_2023,5,DS,8/15/23,VS,T22,R,0,14,N/A,G,G,0,N/A,12,SG,10:20,10:30,10:40,10,12.6,AES-4,85,4.6,Y,,
T22_08_15_2023,6,DS,8/15/23,VS,T22,L,0,14,N/A,P,P,0,N/A,12,SG,10:20,10:30,10:40,10,12.6,AES-4,85,4.6,Y,,
T22_08_15_2023,7,DS,8/15/23,VS,T22,R,0,14,N/A,G,G,0,N/A,12,SG,10:20,10:30,10:40,10,12.6,AES-4,85,4.6,Y,,
T22_08_15_2023,8,DS,8/15/23,VS,T22,L,0,14,N/A,F,F,0,N/A,12,SG,10:20,10:30,10:40,10,12.6,AES-4,85,4.6,Y,,
T22_08_15_2023,9,DS,8/15/23,VS,T22,R,0,14,N/A,G,G,0,N/A,12,SG,10:20,10:30,10:40,10,12.6,AES-4,85,4.6,Y,,
T23_08_15_2023,1,DS,8/15/23,LT,T23,L,0,14,N/A,F,G,0,incision on fish may be infected,12,SG,10:41,10:51,11:00,9,12.6,AES-5,85,5,Y,0249,
T23_08_15_2023,2,DS,8/15/23,LT,T23,R,6,14,N/A,G,G,0,incision on fish may be infected: good 6-14,12,SG,10:41,10:51,11:00,9,12.6,AES-5,85,5,Y,0249,
T23_08_15_2023,3,DS,8/15/23,LT,T23,L,5,14,N/A,G,G,1,incision on fish may be infected: good 5-14,12,SG,10:41,10:51,11:00,9,12.6,AES-5,85,5,Y,0249,
T23_08_15_2023,4,DS,8/15/23,LT,T23,R,0,14,N/A,P,P,1,incision on fish may be infected,12,SG,10:41,10:51,11:00,9,12.6,AES-5,85,5,Y,0249,
T23_08_15_2023,5,DS,8/15/23,LT,T23,L,0,14,N/A,G,G,0,incision on fish may be infected,12,SG,10:41,10:51,11:00,9,12.6,AES-5,85,5,Y,0249,
T23_08_15_2023,6,DS,8/15/23,LT,T23,R,0,5,N/A,P,P,1,incision on fish may be infected,12,SG,10:41,10:51,11:00,9,12.6,AES-5,85,5,Y,0249,
T23_08_15_2023,7,DS,8/15/23,LT,T23,R,0,4,N/A,P,P,0,incision on fish may be infected,12,SG,10:41,10:51,11:00,9,12.6,AES-5,85,5,Y,0249,
T23_08_15_2023,8,DS,8/15/23,LT,T23,R,3,14,N/A,G,G,0,incision on fish may be infected: good 3-14,12,SG,10:41,10:51,11:00,9,12.6,AES-5,85,5,Y,0249,
T24_08_15_2023,1,DS,8/15/23,HC,T24,R,0,14,N/A,F,P,0,N/A,12,SG,11:00,11:10,11:18,8,12.8,AES-2,72,2.2,Y,,
T24_08_15_2023,2,DS,8/15/23,HC,T24,L,0,7,N/A,P,P,0,N/A,12,SG,11:00,11:10,11:18,8,12.8,AES-2,72,2.2,Y,,
T24_08_15_2023,3,DS,8/15/23,HC,T24,L,0,14,N/A,G,P,0,N/A,12,SG,11:00,11:10,11:18,8,12.8,AES-2,72,2.2,Y,,
T24_08_15_2023,4,DS,8/15/23,HC,T24,R,0,10,N/A,G,P,0,"good 0-10; missed 4,5,7,9",12,SG,11:00,11:10,11:18,8,12.8,AES-2,72,2.2,Y,,
T24_08_15_2023,5,DS,8/15/23,HC,T24,R,0,14,N/A,P,P,0,N/A,12,SG,11:00,11:10,11:18,8,12.8,AES-2,72,2.2,Y,,
T24_08_15_2023,6,DS,8/15/23,HC,T24,L,7,14,N/A,G,G,0,good 7-14,12,SG,11:00,11:10,11:18,8,12.8,AES-2,72,2.2,Y,,
T24_08_15_2023,7,DS,8/15/23,HC,T24,R,0,14,N/A,F,F,0,N/A,12,SG,11:00,11:10,11:18,8,12.8,AES-2,72,2.2,Y,,
T24_08_15_2023,8,DS,8/15/23,HC,T24,L,3,14,N/A,G,P,0,good 3-14,12,SG,11:00,11:10,11:18,8,12.8,AES-2,72,2.2,Y,,
T25_08_15_2023,1,DS,8/15/23,VS,T25,R,0,14,N/A,P,P,0,N/A,12,SG,11:23,11:33,11:42,9,12.6,AES-4,78,3,Y,,
T25_08_15_2023,2,DS,8/15/23,VS,T25,L,0,14,N/A,P,P,0,N/A,12,SG,11:23,11:33,11:42,9,12.6,AES-4,78,3,Y,,
T25_08_15_2023,3,DS,8/15/23,VS,T25,R,0,14,N/A,P,P,0,N/A,12,SG,11:23,11:33,11:42,9,12.6,AES-4,78,3,Y,,
T25_08_15_2023,4,DS,8/15/23,VS,T25,L,5,14,N/A,G,G,0,good 5-14,12,SG,11:23,11:33,11:42,9,12.6,AES-4,78,3,Y,,
T25_08_15_2023,5,DS,8/15/23,VS,T25,R,8,14,N/A,G,G,0,good 8-14,12,SG,11:23,11:33,11:42,9,12.6,AES-4,78,3,Y,,
T25_08_15_2023,6,DS,8/15/23,VS,T25,L,4,14,N/A,G,G,1,good 4-14,12,SG,11:23,11:33,11:42,9,12.6,AES-4,78,3,Y,,
T25_08_15_2023,7,DS,8/15/23,VS,T25,R,0,14,N/A,P,P,0,N/A,12,SG,11:23,11:33,11:42,9,12.6,AES-4,78,3,Y,,
T25_08_15_2023,8,DS,8/15/23,VS,T25,L,0,14,N/A,F,G,0,N/A,12,SG,11:23,11:33,11:42,9,12.6,AES-4,78,3,Y,,
T25_08_15_2023,9,DS,8/15/23,VS,T25,R,0,14,N/A,G,G,0,N/A,12,SG,11:23,11:33,11:42,9,12.6,AES-4,78,3,Y,,
T26_08_15_2023,1,DS,8/15/23,VT,T26,R,3,14,N/A,G,G,0,good 3-14,12,SG,11:42,11:53,12:01,8,13,AES-6,85,5.1,Y,shed,
T26_08_15_2023,2,DS,8/15/23,VT,T26,L,0,14,N/A,P,P,0,N/A,12,SG,11:42,11:53,12:01,8,13,AES-6,85,5.1,Y,shed,
T26_08_15_2023,3,DS,8/15/23,VT,T26,R,5,14,N/A,G,G,0,good 5-14,12,SG,11:42,11:53,12:01,8,13,AES-6,85,5.1,Y,shed,
T26_08_15_2023,4,DS,8/15/23,VT,T26,L,4,14,N/A,G,G,0,good 4-14,12,SG,11:42,11:53,12:01,8,13,AES-6,85,5.1,Y,shed,
T26_08_15_2023,5,DS,8/15/23,VT,T26,R,4,11,11,G,G,0,good 4-11,12,SG,11:42,11:53,12:01,8,13,AES-6,85,5.1,Y,shed,
T26_08_15_2023,6,DS,8/15/23,VT,T26,L,0,14,N/A,P,G,2,N/A,12,SG,11:42,11:53,12:01,8,13,AES-6,85,5.1,Y,shed,
T26_08_15_2023,7,DS,8/15/23,VT,T26,R,0,14,N/A,F,G,0,N/A,12,SG,11:42,11:53,12:01,8,13,AES-6,85,5.1,Y,shed,
T26_08_15_2023,8,DS,8/15/23,VT,T26,L,0,14,N/A,F,G,0,N/A,12,SG,11:42,11:53,12:01,8,13,AES-6,85,5.1,Y,shed,
T27_08_15_2023,1,DS,8/15/23,VS,T27,R,0,14,N/A,G,G,1,N/A,12,SG,12:22,12:35,12:44,9,12.4,AES-4,79,2.7,Y,,
T27_08_15_2023,2,DS,8/15/23,VS,T27,L,0,14,N/A,P,P,0,N/A,12,SG,12:22,12:35,12:44,9,12.4,AES-4,79,2.7,Y,,
T27_08_15_2023,3,DS,8/15/23,VS,T27,R,0,14,N/A,P,P,0,N/A,12,SG,12:22,12:35,12:44,9,12.4,AES-4,79,2.7,Y,,
T27_08_15_2023,4,DS,8/15/23,VS,T27,L,3,14,N/A,G,G,0,"3-14, missed 5,6,7",12,SG,12:22,12:35,12:44,9,12.4,AES-4,79,2.7,Y,,
T27_08_15_2023,5,DS,8/15/23,VS,T27,R,4,14,N/A,G,G,0,14-Apr,12,SG,12:22,12:35,12:44,9,12.4,AES-4,79,2.7,Y,,
T27_08_15_2023,6,DS,8/15/23,VS,T27,L,0,14,N/A,F,P,0,N/A,12,SG,12:22,12:35,12:44,9,12.4,AES-4,79,2.7,Y,,
T27_08_15_2023,7,DS,8/15/23,VS,T27,R,0,14,N/A,F,P,0,N/A,12,SG,12:22,12:35,12:44,9,12.4,AES-4,79,2.7,Y,,
T27_08_15_2023,8,DS,8/15/23,VS,T27,L,3,14,N/A,G,G,0,missed gate 0; 3-14,12,SG,12:22,12:35,12:44,9,12.4,AES-4,79,2.7,Y,,
T28_08_15_2023,1,DS,8/15/23,FC,T28,L,6,14,N/A,G,G,1,14-Jun,12,SG,12:44,12:56,13:05,9,12.7,AES-1,102,5.5,Y,,
T28_08_15_2023,2,DS,8/15/23,FC,T28,R,0,14,N/A,P,P,0,N/A,12,SG,12:44,12:56,13:05,9,12.7,AES-1,102,5.5,Y,,
T28_08_15_2023,3,DS,8/15/23,FC,T28,L,8,14,N/A,G,G,0,14-Aug,12,SG,12:44,12:56,13:05,9,12.7,AES-1,102,5.5,Y,,
T28_08_15_2023,4,DS,8/15/23,FC,T28,R,0,14,N/A,G,G,0,N/A,12,SG,12:44,12:56,13:05,9,12.7,AES-1,102,5.5,Y,,
T28_08_15_2023,5,DS,8/15/23,FC,T28,L,0,2,N/A,N/A,N/A,2,disregard/failed,12,SG,12:44,12:56,13:05,9,12.7,AES-1,102,5.5,Y,,
T28_08_15_2023,6,DS,8/15/23,FC,T28,L,0,14,N/A,G,G,0,"fish appears to be tiring, given longer break before burst #7",12,SG,12:44,12:56,13:05,9,12.7,AES-1,102,5.5,Y,,
T28_08_15_2023,7,DS,8/15/23,FC,T28,R,0,14,N/A,P,P,1,N/A,12,SG,12:44,12:56,13:05,9,12.7,AES-1,102,5.5,Y,,
T28_08_15_2023,8,DS,8/15/23,FC,T28,L,0,14,N/A,G,G,0,N/A,12,SG,12:44,12:56,13:05,9,12.7,AES-1,102,5.5,Y,,
T29_08_15_2023,1,DS,8/15/23,HC,T29,L,N/A,4,N/A,N/A,N/A,0,disregard,12,SG,13:06,13:15,13:24,9,12.5,AES-2,97,4.6,Y,,
T29_08_15_2023,2,DS,8/15/23,HC,T29,L,0,14,N/A,P,G,0,N/A,12,SG,13:06,13:15,13:24,9,12.5,AES-2,97,4.6,Y,,
T29_08_15_2023,3,DS,8/15/23,HC,T29,R,7,14,N/A,G,G,0,14-Jul,12,SG,13:06,13:15,13:24,9,12.5,AES-2,97,4.6,Y,,
T29_08_15_2023,4,DS,8/15/23,HC,T29,L,0,14,N/A,F,P,0,N/A,12,SG,13:06,13:15,13:24,9,12.5,AES-2,97,4.6,Y,,
T29_08_15_2023,5,DS,8/15/23,HC,T29,R,0,14,10,F,F,0,N/A,12,SG,13:06,13:15,13:24,9,12.5,AES-2,97,4.6,Y,,
T29_08_15_2023,6,DS,8/15/23,HC,T29,L,0,14,N/A,P,P,0,N/A,12,SG,13:06,13:15,13:24,9,12.5,AES-2,97,4.6,Y,,
T29_08_15_2023,7,DS,8/15/23,HC,T29,R,6,11,N/A,G,G,1,11-Jun,12,SG,13:06,13:15,13:24,9,12.5,AES-2,97,4.6,Y,,
T29_08_15_2023,8,DS,8/15/23,HC,T29,L,5,14,N/A,G,G,0,14-May,12,SG,13:06,13:15,13:24,9,12.5,AES-2,97,4.6,Y,,
T29_08_15_2023,9,DS,8/15/23,HC,T29,R,0,14,N/A,F,F,0,N/A,12,SG,13:06,13:15,13:24,9,12.5,AES-2,97,4.6,Y,,
T29_08_15_2023,10,DS,8/15/23,HC,T29,L,0,14,9,G,G,0,N/A,12,SG,13:06,13:15,13:24,9,12.5,AES-2,97,4.6,Y,,
T30_08_15_2023,1,DS,8/15/23,LT,T30,L,0,14,N/A,F,P,0,N/A,12,SG,13:25,13:35,13:45,10,12.9,AES-5,80,3.6,Y,0799,
T30_08_15_2023,2,DS,8/15/23,LT,T30,R,6,14,N/A,F,F,0,14-Jun,12,SG,13:25,13:35,13:45,10,12.9,AES-5,80,3.6,Y,0799,
T30_08_15_2023,3,DS,8/15/23,LT,T30,L,5,11,N/A,F,G,1,11-May,12,SG,13:25,13:35,13:45,10,12.9,AES-5,80,3.6,Y,0799,
T30_08_15_2023,4,DS,8/15/23,LT,T30,R,0,14,N/A,P,G,0,N/A,12,SG,13:25,13:35,13:45,10,12.9,AES-5,80,3.6,Y,0799,
T30_08_15_2023,5,DS,8/15/23,LT,T30,L,0,14,N/A,P,G,0,N/A,12,SG,13:25,13:35,13:45,10,12.9,AES-5,80,3.6,Y,0799,
T30_08_15_2023,6,DS,8/15/23,LT,T30,R,0,14,N/A,G,G,0,N/A,12,SG,13:25,13:35,13:45,10,12.9,AES-5,80,3.6,Y,0799,
T30_08_15_2023,7,DS,8/15/23,LT,T30,L,0,14,N/A,G,G,0,N/A,12,SG,13:25,13:35,13:45,10,12.9,AES-5,80,3.6,Y,0799,
T30_08_15_2023,8,DS,8/15/23,LT,T30,R,0,14,N/A,F,P,0,N/A,12,SG,13:25,13:35,13:45,10,12.9,AES-5,80,3.6,Y,0799,
T30_08_15_2023,9,DS,8/15/23,LT,T30,L,0,0,N/A,N/A,N/A,0,disregard,12,SG,13:25,13:35,13:45,10,12.9,AES-5,80,3.6,Y,0799,
T30_08_15_2023,10,DS,8/15/23,LT,T30,L,0,14,N/A,G,G,0,missed 3-7,12,SG,13:25,13:35,13:45,10,12.9,AES-5,80,3.6,Y,0799,
T31_08_15_2023,1,DS,8/15/23,HC,T31,R,0,14,10,G,P,1,N/A,12,SG,13:45,13:55,14:03,8,12.8,AES-2,80,3.5,Y,,
T31_08_15_2023,2,DS,8/15/23,HC,T31,L,5,14,N/A,G,P,0,14-May,12,SG,13:45,13:55,14:03,8,12.8,AES-2,80,3.5,Y,,
T31_08_15_2023,3,DS,8/15/23,HC,T31,R,0,14,9,F,P,0,N/A,12,SG,13:45,13:55,14:03,8,12.8,AES-2,80,3.5,Y,,
T31_08_15_2023,4,DS,8/15/23,HC,T31,L,3,14,N/A,G,G,0,8-Mar,12,SG,13:45,13:55,14:03,8,12.8,AES-2,80,3.5,Y,,
T31_08_15_2023,5,DS,8/15/23,HC,T31,R,0,14,N/A,G,G,1,N/A,12,SG,13:45,13:55,14:03,8,12.8,AES-2,80,3.5,Y,,
T31_08_15_2023,6,DS,8/15/23,HC,T31,L,11,14,N/A,F,P,0,14-Nov,12,SG,13:45,13:55,14:03,8,12.8,AES-2,80,3.5,Y,,
T31_08_15_2023,7,DS,8/15/23,HC,T31,R,0,14,N/A,F,P,0,N/A,12,SG,13:45,13:55,14:03,8,12.8,AES-2,80,3.5,Y,,
T31_08_15_2023,8,DS,8/15/23,HC,T31,L,0,14,N/A,G,G,0,fish showing signs of fatigue,12,SG,13:45,13:55,14:03,8,12.8,AES-2,80,3.5,Y,,
T32_08_15_2023,1,DS,8/15/23,VT,T32,R,0,14,N/A,P,P,0,N/A,12,SG,14:04,14:14,14:25,11,12.8,AES-6,85,3.6,Y,shed,
T32_08_15_2023,2,DS,8/15/23,VT,T32,L,0,14,N/A,P,P,0,N/A,12,SG,14:04,14:14,14:25,11,12.8,AES-6,85,3.6,Y,shed,
T32_08_15_2023,3,DS,8/15/23,VT,T32,R,0,14,8,F,G,1,N/A,12,SG,14:04,14:14,14:25,11,12.8,AES-6,85,3.6,Y,shed,
T32_08_15_2023,4,DS,8/15/23,VT,T32,L,8,14,N/A,G,G,1,14-Aug,12,SG,14:04,14:14,14:25,11,12.8,AES-6,85,3.6,Y,shed,
T32_08_15_2023,5,DS,8/15/23,VT,T32,R,0,14,6,F,G,0,N/A,12,SG,14:04,14:14,14:25,11,12.8,AES-6,85,3.6,Y,shed,
T32_08_15_2023,6,DS,8/15/23,VT,T32,L,0,14,N/A,G,G,0,N/A,12,SG,14:04,14:14,14:25,11,12.8,AES-6,85,3.6,Y,shed,
T32_08_15_2023,7,DS,8/15/23,VT,T32,R,0,14,N/A,P,P,0,N/A,12,SG,14:04,14:14,14:25,11,12.8,AES-6,85,3.6,Y,shed,
T32_08_15_2023,8,DS,8/15/23,VT,T32,L,0,14,N/A,P,P,0,N/A,12,SG,14:04,14:14,14:25,11,12.8,AES-6,85,3.6,Y,shed,
T32_08_15_2023,9,DS,8/15/23,VT,T32,R,0,14,N/A,F,G,0,"sporadic short bursts, keeps stalling",12,SG,14:04,14:14,14:25,11,12.8,AES-6,85,3.6,Y,shed,
T32_08_15_2023,10,DS,8/15/23,VT,T32,L,0,14,N/A,P,P,0,N/A,12,SG,14:04,14:14,14:25,11,12.8,AES-6,85,3.6,Y,shed,
T32_08_15_2023,11,DS,8/15/23,VT,T32,R,0,14,11,G,G,0,N/A,12,SG,14:04,14:14,14:25,11,12.8,AES-6,85,3.6,Y,shed,
T33_08_16_2023,1,DS,8/16/23,VT,T33,R,0,14,N/A,P,P,0,N/A,12,SG,8:16,8:26,8:37,11,12.6,AES-6,71,2.4,Y,01EA,
T33_08_16_2023,2,DS,8/16/23,VT,T33,L,0,5,N/A,P,F,0,N/A,12,SG,8:16,8:26,8:37,11,12.6,AES-6,71,2.4,Y,01EA,
T33_08_16_2023,3,DS,8/16/23,VT,T33,L,0,0,N/A,P,P,0,fail -disregard,12,SG,8:16,8:26,8:37,11,12.6,AES-6,71,2.4,Y,01EA,
T33_08_16_2023,4,DS,8/16/23,VT,T33,R,0,14,N/A,F,F,0,N/A,12,SG,8:16,8:26,8:37,11,12.6,AES-6,71,2.4,Y,01EA,
T33_08_16_2023,5,DS,8/16/23,VT,T33,L,0,14,N/A,F,G,0,fish is lethargic,12,SG,8:16,8:26,8:37,11,12.6,AES-6,71,2.4,Y,01EA,
T33_08_16_2023,6,DS,8/16/23,VT,T33,R,3,14,N/A,G,G,1,14-Mar,12,SG,8:16,8:26,8:37,11,12.6,AES-6,71,2.4,Y,01EA,
T33_08_16_2023,7,DS,8/16/23,VT,T33,L,0,14,N/A,G,G,0,slow fish,12,SG,8:16,8:26,8:37,11,12.6,AES-6,71,2.4,Y,01EA,
T33_08_16_2023,8,DS,8/16/23,VT,T33,R,5,14,N/A,G,G,1,"5-14, missed 7",12,SG,8:16,8:26,8:37,11,12.6,AES-6,71,2.4,Y,01EA,
T33_08_16_2023,9,DS,8/16/23,VT,T33,L,7,14,N/A,G,G,0,"7-14, missed 10+11",12,SG,8:16,8:26,8:37,11,12.6,AES-6,71,2.4,Y,01EA,
T34_08_16_2023,1,DS,8/16/23,LS,T34,L,0,14,N/A,G,G,1,N/A,12,SG,8:38,8:48,8:57,9,12.8,AES-3,75,3.3,Y,,
T34_08_16_2023,2,DS,8/16/23,LS,T34,R,0,14,10,F,F,0,N/A,12,SG,8:38,8:48,8:57,9,12.8,AES-3,75,3.3,Y,,
T34_08_16_2023,3,DS,8/16/23,LS,T34,L,3,14,N/A,G,G,1,"missed 0,1,2",12,SG,8:38,8:48,8:57,9,12.8,AES-3,75,3.3,Y,,
T34_08_16_2023,4,DS,8/16/23,LS,T34,R,0,0,N/A,P,P,0,laser failure -disregard,12,SG,8:38,8:48,8:57,9,12.8,AES-3,75,3.3,Y,,
T34_08_16_2023,5,DS,8/16/23,LS,T34,L,4,14,N/A,G,G,0,14-Apr,12,SG,8:38,8:48,8:57,9,12.8,AES-3,75,3.3,Y,,
T34_08_16_2023,6,DS,8/16/23,LS,T34,R,0,14,N/A,F,G,0,N/A,12,SG,8:38,8:48,8:57,9,12.8,AES-3,75,3.3,Y,,
T34_08_16_2023,7,DS,8/16/23,LS,T34,L,4,14,N/A,G,G,1,14-Apr,12,SG,8:38,8:48,8:57,9,12.8,AES-3,75,3.3,Y,,
T34_08_16_2023,8,DS,8/16/23,LS,T34,R,0,14,N/A,G,G,0,missed 2,12,SG,8:38,8:48,8:57,9,12.8,AES-3,75,3.3,Y,,
T35_08_16_2023,1,DS,8/16/23,HC,T35,R,0,14,N/A,P,P,0,N/A,12,SG,8:58,9:09,9:20,11,12.8,AES-2,80,3.2,Y,,
T35_08_16_2023,2,DS,8/16/23,HC,T35,L,0,14,N/A,F,P,0,N/A,12,SG,8:58,9:09,9:20,11,12.8,AES-2,80,3.2,Y,,
T35_08_16_2023,3,DS,8/16/23,HC,T35,R,0,0,N/A,P,P,0,laser failure,12,SG,8:58,9:09,9:20,11,12.8,AES-2,80,3.2,Y,,
T35_08_16_2023,4,DS,8/16/23,HC,T35,L,0,5,N/A,P,P,0,N/A,12,SG,8:58,9:09,9:20,11,12.8,AES-2,80,3.2,Y,,
T35_08_16_2023,5,DS,8/16/23,HC,T35,L,0,14,N/A,F,P,1,nosing in to bottom of tunnel,12,SG,8:58,9:09,9:20,11,12.8,AES-2,80,3.2,Y,,
T35_08_16_2023,6,DS,8/16/23,HC,T35,R,0,14,N/A,G,G,0,N/A,12,SG,8:58,9:09,9:20,11,12.8,AES-2,80,3.2,Y,,
T35_08_16_2023,7,DS,8/16/23,HC,T35,L,9,14,N/A,G,G,0,14-Sep,12,SG,8:58,9:09,9:20,11,12.8,AES-2,80,3.2,Y,,
T35_08_16_2023,8,DS,8/16/23,HC,T35,R,0,14,N/A,G,G,0,N/A,12,SG,8:58,9:09,9:20,11,12.8,AES-2,80,3.2,Y,,
T35_08_16_2023,9,DS,8/16/23,HC,T35,L,3,14,12,G,G,0,"3-12; missed 0,1,2",12,SG,8:58,9:09,9:20,11,12.8,AES-2,80,3.2,Y,,
T36_08_16_2023,1,DS,8/16/23,LS,T36,L,0,14,6,F,P,1,N/A,12,SG,9:21,9:32,9:42,10,12.8,AES-3,80,4.2,Y,,
T36_08_16_2023,2,DS,8/16/23,LS,T36,R,0,0,N/A,P,P,1,laser failure -disregard,12,SG,9:21,9:32,9:42,10,12.8,AES-3,80,4.2,Y,,
T36_08_16_2023,3,DS,8/16/23,LS,T36,L,0,14,N/A,P,G,0,N/A,12,SG,9:21,9:32,9:42,10,12.8,AES-3,80,4.2,Y,,
T36_08_16_2023,4,DS,8/16/23,LS,T36,R,0,14,9,G,G,0,0-9,12,SG,9:21,9:32,9:42,10,12.8,AES-3,80,4.2,Y,,
T36_08_16_2023,5,DS,8/16/23,LS,T36,L,4,14,N/A,G,G,0,14-Apr,12,SG,9:21,9:32,9:42,10,12.8,AES-3,80,4.2,Y,,
T36_08_16_2023,6,DS,8/16/23,LS,T36,R,6,14,N/A,G,G,0,"6-14, jumped",12,SG,9:21,9:32,9:42,10,12.8,AES-3,80,4.2,Y,,
T36_08_16_2023,7,DS,8/16/23,LS,T36,L,0,14,N/A,P,P,0,N/A,12,SG,9:21,9:32,9:42,10,12.8,AES-3,80,4.2,Y,,
T36_08_16_2023,8,DS,8/16/23,LS,T36,R,0,14,N/A,G,G,0,delay due to laser misallignment,12,SG,9:21,9:32,9:42,10,12.8,AES-3,80,4.2,Y,,
T37_08_16_2023,1,DS,8/16/23,VS,T37,R,0,14,N/A,G,G,0,N/A,12,SG,9:43,9:53,10:02,9,12.9,AES-4,79,2.9,Y,,
T37_08_16_2023,2,DS,8/16/23,VS,T37,L,6,14,N/A,G,G,0,14-Jun,12,SG,9:43,9:53,10:02,9,12.9,AES-4,79,2.9,Y,,
T37_08_16_2023,3,DS,8/16/23,VS,T37,R,0,14,N/A,P,P,1,N/A,12,SG,9:43,9:53,10:02,9,12.9,AES-4,79,2.9,Y,,
T37_08_16_2023,4,DS,8/16/23,VS,T37,L,2,14,N/A,G,G,0,"2-14, missed 0+1",12,SG,9:43,9:53,10:02,9,12.9,AES-4,79,2.9,Y,,
T37_08_16_2023,5,DS,8/16/23,VS,T37,R,0,14,N/A,P,P,1,N/A,12,SG,9:43,9:53,10:02,9,12.9,AES-4,79,2.9,Y,,
T37_08_16_2023,6,DS,8/16/23,VS,T37,L,6,14,N/A,G,G,0,"6-14, missed 7",12,SG,9:43,9:53,10:02,9,12.9,AES-4,79,2.9,Y,,
T37_08_16_2023,7,DS,8/16/23,VS,T37,R,0,14,N/A,G,G,1,N/A,12,SG,9:43,9:53,10:02,9,12.9,AES-4,79,2.9,Y,,
T37_08_16_2023,8,DS,8/16/23,VS,T37,L,4,14,N/A,G,G,1,14-Apr,12,SG,9:43,9:53,10:02,9,12.9,AES-4,79,2.9,Y,,
T38_08_16_2023,1,DS,8/16/23,LT,T38,L,2,14,N/A,G,G,0,missed laser 1,12,SG,10:03,10:04,10:26,22,12.5,AES-5,82,4,Y,013D,
T38_08_16_2023,2,DS,8/16/23,LT,T38,R,0,14,N/A,P,P,1,N/A,12,SG,10:03,10:04,10:26,22,12.5,AES-5,82,4,Y,013D,
T38_08_16_2023,3,DS,8/16/23,LT,T38,R,0,14,7,F,G,0,N/A,12,SG,10:03,10:04,10:26,22,12.5,AES-5,82,4,Y,013D,
T38_08_16_2023,4,DS,8/16/23,LT,T38,L,0,14,N/A,F,F,0,N/A,12,SG,10:03,10:04,10:26,22,12.5,AES-5,82,4,Y,013D,
T38_08_16_2023,5,DS,8/16/23,LT,T38,R,0,14,N/A,P,P,0,N/A,12,SG,10:03,10:04,10:26,22,12.5,AES-5,82,4,Y,013D,
T38_08_16_2023,6,DS,8/16/23,LT,T38,L,0,14,N/A,G,G,0,missed 5+7,12,SG,10:03,10:04,10:26,22,12.5,AES-5,82,4,Y,013D,
T38_08_16_2023,7,DS,8/16/23,LT,T38,R,0,14,N/A,P,P,0,N/A,12,SG,10:03,10:04,10:26,22,12.5,AES-5,82,4,Y,013D,
T38_08_16_2023,8,DS,8/16/23,LT,T38,L,4,14,N/A,G,G,0,14-Apr,12,SG,10:03,10:04,10:26,22,12.5,AES-5,82,4,Y,013D,
T38_08_16_2023,9,DS,8/16/23,LT,T38,R,3,14,9,G,F,0,N/A,12,SG,10:03,10:04,10:26,22,12.5,AES-5,82,4,Y,013D,
T39_08_16_2023,1,DS,8/16/23,VS,T39,R,2,14,N/A,G,P,0,fish has VIE tag; 3-14,12,SG,10:27,10:37,10:45,8,12.8,AES-4,79,2.4,Y,,
T39_08_16_2023,2,DS,8/16/23,VS,T39,L,6,14,N/A,G,G,0,fish has VIE tag; 2-14,12,SG,10:27,10:37,10:45,8,12.8,AES-4,79,2.4,Y,,
T39_08_16_2023,3,DS,8/16/23,VS,T39,R,0,14,N/A,G,G,0,fish has VIE tag; 6-14,12,SG,10:27,10:37,10:45,8,12.8,AES-4,79,2.4,Y,,
T39_08_16_2023,4,DS,8/16/23,VS,T39,L,0,14,N/A,G,G,1,fish has VIE tag,12,SG,10:27,10:37,10:45,8,12.8,AES-4,79,2.4,Y,,
T39_08_16_2023,5,DS,8/16/23,VS,T39,R,0,14,N/A,P,P,0,fish has VIE tag,12,SG,10:27,10:37,10:45,8,12.8,AES-4,79,2.4,Y,,
T39_08_16_2023,6,DS,8/16/23,VS,T39,L,5,14,N/A,P,P,0,fish has VIE tag,12,SG,10:27,10:37,10:45,8,12.8,AES-4,79,2.4,Y,,
T39_08_16_2023,7,DS,8/16/23,VS,T39,R,4,14,N/A,G,G,1,fish has VIE tag; 5-14,12,SG,10:27,10:37,10:45,8,12.8,AES-4,79,2.4,Y,,
T39_08_16_2023,8,DS,8/16/23,VS,T39,L,0,14,N/A,G,G,0,"fish has VIE tag; missed 0,1,2; good 4-14",12,SG,10:27,10:37,10:45,8,12.8,AES-4,79,2.4,Y,,
T40_08_16_2023,1,DS,8/16/23,HC,T40,L,0,14,N/A,F,P,0,N/A,12,SG,10:45,10:57,11:06,9,12.8,AES-2,68,2.1,Y,,
T40_08_16_2023,2,DS,8/16/23,HC,T40,R,4,14,N/A,G,G,0,"missed 1,2,3 , high end water column",12,SG,10:45,10:57,11:06,9,12.8,AES-2,68,2.1,Y,,
T40_08_16_2023,3,DS,8/16/23,HC,T40,L,4,14,N/A,G,G,0,14-Apr,12,SG,10:45,10:57,11:06,9,12.8,AES-2,68,2.1,Y,,
T40_08_16_2023,4,DS,8/16/23,HC,T40,R,4,14,N/A,G,G,1,13-Apr,12,SG,10:45,10:57,11:06,9,12.8,AES-2,68,2.1,Y,,
T40_08_16_2023,5,DS,8/16/23,HC,T40,L,0,14,N/A,F,P,0,fish vent. heavily. Gave extra rest befor 6th trial,12,SG,10:45,10:57,11:06,9,12.8,AES-2,68,2.1,Y,,
T40_08_16_2023,6,DS,8/16/23,HC,T40,R,0,14,N/A,P,P,0,N/A,12,SG,10:45,10:57,11:06,9,12.8,AES-2,68,2.1,Y,,
T40_08_16_2023,7,DS,8/16/23,HC,T40,L,6,14,N/A,G,G,1,14-Jun,12,SG,10:45,10:57,11:06,9,12.8,AES-2,68,2.1,Y,,
T40_08_16_2023,8,DS,8/16/23,HC,T40,R,0,14,N/A,P,P,0,N/A,12,SG,10:45,10:57,11:06,9,12.8,AES-2,68,2.1,Y,,
T41_08_16_2023,1,DS,8/16/23,VS,T41,R,0,14,6,P,P,0,N/A,12,SG,11:06,11:16,11:23,7,12.8,AES-4,75,2.5,Y,,
T41_08_16_2023,2,DS,8/16/23,VS,T41,L,3,14,12,G,G,1,14-Mar,12,SG,11:06,11:16,11:23,7,12.8,AES-4,75,2.5,Y,,
T41_08_16_2023,3,DS,8/16/23,VS,T41,R,0,14,N/A,P,P,1,N/A,12,SG,11:06,11:16,11:23,7,12.8,AES-4,75,2.5,Y,,
T41_08_16_2023,4,DS,8/16/23,VS,T41,L,0,5,N/A,G,G,1,0-5,12,SG,11:06,11:16,11:23,7,12.8,AES-4,75,2.5,Y,,
T41_08_16_2023,5,DS,8/16/23,VS,T41,R,2,7,7,G,G,1,7-Feb,12,SG,11:06,11:16,11:23,7,12.8,AES-4,75,2.5,Y,,
T41_08_16_2023,6,DS,8/16/23,VS,T41,L,8,14,N/A,G,G,0,"4-14; missed 5,6,7",12,SG,11:06,11:16,11:23,7,12.8,AES-4,75,2.5,Y,,
T41_08_16_2023,7,DS,8/16/23,VS,T41,R,0,0,N/A,P,P,1,N/A,12,SG,11:06,11:16,11:23,7,12.8,AES-4,75,2.5,Y,,
T41_08_16_2023,8,DS,8/16/23,VS,T41,L,0,0,N/A,N/A,N/A,N/A,fish jumped out of chamber/ euth.,12,SG,11:06,11:16,11:23,7,12.8,AES-4,75,2.5,Y,,
T42_08_16_2023,1,DS,8/16/23,VT,T42,L,0,14,N/A,P,P,0,N/A,12,SG,11:24,11:34,11:45,11,12.6,AES-6,68,1.8,Y,03D3,
T42_08_16_2023,2,DS,8/16/23,VT,T42,R,0,14,N/A,P,P,1,N/A,12,SG,11:24,11:34,11:45,11,12.6,AES-6,68,1.8,Y,03D3,
T42_08_16_2023,3,DS,8/16/23,VT,T42,L,0,14,N/A,F,P,0,N/A,12,SG,11:24,11:34,11:45,11,12.6,AES-6,68,1.8,Y,03D3,
T42_08_16_2023,4,DS,8/16/23,VT,T42,R,0,14,N/A,G,G,0,missed 12+13,12,SG,11:24,11:34,11:45,11,12.6,AES-6,68,1.8,Y,03D3,
T42_08_16_2023,5,DS,8/16/23,VT,T42,L,0,14,N/A,P,P,0,N/A,12,SG,11:24,11:34,11:45,11,12.6,AES-6,68,1.8,Y,03D3,
T42_08_16_2023,6,DS,8/16/23,VT,T42,R,0,14,N/A,P,P,1,N/A,12,SG,11:24,11:34,11:45,11,12.6,AES-6,68,1.8,Y,03D3,
T42_08_16_2023,7,DS,8/16/23,VT,T42,R,0,14,N/A,P,P,1,fish given extra breath due to exhaustion,12,SG,11:24,11:34,11:45,11,12.6,AES-6,68,1.8,Y,03D3,
T42_08_16_2023,8,DS,8/16/23,VT,T42,L,0,14,N/A,G,G,0,N/A,12,SG,11:24,11:34,11:45,11,12.6,AES-6,68,1.8,Y,03D3,
T42_08_16_2023,9,DS,8/16/23,VT,T42,R,0,14,N/A,P,F,0,N/A,12,SG,11:24,11:34,11:45,11,12.6,AES-6,68,1.8,Y,03D3,
T42_08_16_2023,10,DS,8/16/23,VT,T42,L,2,14,N/A,G,G,0,missed gate 1; fish is exhausted,12,SG,11:24,11:34,11:45,11,12.6,AES-6,68,1.8,Y,03D3,
T43_08_16_2023,1,DS,8/16/23,FC,T43,R,0,14,7,F,P,0,N/A,12,SG,11:46,11:56,12:03,7,12.9,AES-1,74,2.9,Y,,
T43_08_16_2023,2,DS,8/16/23,FC,T43,L,0,10,N/A,P,P,0,N/A,12,SG,11:46,11:56,12:03,7,12.9,AES-1,74,2.9,Y,,
T43_08_16_2023,3,DS,8/16/23,FC,T43,L,0,4,N/A,P,P,0,N/A,12,SG,11:46,11:56,12:03,7,12.9,AES-1,74,2.9,Y,,
T43_08_16_2023,4,DS,8/16/23,FC,T43,L,0,14,8,G,G,0,N/A,12,SG,11:46,11:56,12:03,7,12.9,AES-1,74,2.9,Y,,
T43_08_16_2023,5,DS,8/16/23,FC,T43,R,0,14,9,G,G,1,N/A,12,SG,11:46,11:56,12:03,7,12.9,AES-1,74,2.9,Y,,
T43_08_16_2023,6,DS,8/16/23,FC,T43,L,2,14,N/A,G,P,0,14-Feb,12,SG,11:46,11:56,12:03,7,12.9,AES-1,74,2.9,Y,,
T43_08_16_2023,7,DS,8/16/23,FC,T43,R,4,14,N/A,G,G,1,14-Apr,12,SG,11:46,11:56,12:03,7,12.9,AES-1,74,2.9,Y,,
T43_08_16_2023,8,DS,8/16/23,FC,T43,L,,N/A,N/A,P,P,1,N/A,12,SG,11:46,11:56,12:03,7,12.9,AES-1,74,2.9,Y,,
T44_08_16_2023,1,DS,8/16/23,LS,T44,L,0,14,9,G,G,0,N/A,12,SG,12:04,12:14,12:23,9,12.7,AES-3,84,4.3,Y,,
T44_08_16_2023,2,DS,8/16/23,LS,T44,R,10,14,N/A,G,G,0,14-Oct,12,SG,12:04,12:14,12:23,9,12.7,AES-3,84,4.3,Y,,
T44_08_16_2023,3,DS,8/16/23,LS,T44,L,0,14,N/A,P,G,0,upper water column,12,SG,12:04,12:14,12:23,9,12.7,AES-3,84,4.3,Y,,
T44_08_16_2023,4,DS,8/16/23,LS,T44,R,0,14,N/A,P,G,0,N/A,12,SG,12:04,12:14,12:23,9,12.7,AES-3,84,4.3,Y,,
T44_08_16_2023,5,DS,8/16/23,LS,T44,L,0,14,5,G,G,0,0-5,12,SG,12:04,12:14,12:23,9,12.7,AES-3,84,4.3,Y,,
T44_08_16_2023,6,DS,8/16/23,LS,T44,R,0,14,N/A,P,P,0,flaring gills; given more time to acclimate before next burst.,12,SG,12:04,12:14,12:23,9,12.7,AES-3,84,4.3,Y,,
T44_08_16_2023,7,DS,8/16/23,LS,T44,R,4,14,N/A,G,G,2,14-Apr,12,SG,12:04,12:14,12:23,9,12.7,AES-3,84,4.3,Y,,
T44_08_16_2023,8,DS,8/16/23,LS,T44,L,0,14,N/A,G,G,0,Amazing,12,SG,12:04,12:14,12:23,9,12.7,AES-3,84,4.3,Y,,
T45_08_16_2023,1,DS,8/16/23,LT,T45,L,0,14,N/A,G,G,0,"missed 4, 5, 6, 7, 9, 10, 11",12,SG,12:23,12:34,12:41,7,12.6,AES-5,80,3.1,Y,0295,
T45_08_16_2023,2,DS,8/16/23,LT,T45,R,5,14,N/A,F,F,0,9-May,12,SG,12:23,12:34,12:41,7,12.6,AES-5,80,3.1,Y,0295,
T45_08_16_2023,3,DS,8/16/23,LT,T45,L,0,14,N/A,P,P,0,N/A,12,SG,12:23,12:34,12:41,7,12.6,AES-5,80,3.1,Y,0295,
T45_08_16_2023,4,DS,8/16/23,LT,T45,R,0,14,N/A,P,P,0,laser malfunction.,12,SG,12:23,12:34,12:41,7,12.6,AES-5,80,3.1,Y,0295,
T45_08_16_2023,5,DS,8/16/23,LT,T45,L,0,14,N/A,P,G,0,N/A,12,SG,12:23,12:34,12:41,7,12.6,AES-5,80,3.1,Y,0295,
T45_08_16_2023,6,DS,8/16/23,LT,T45,R,0,14,11,G,G,0,N/A,12,SG,12:23,12:34,12:41,7,12.6,AES-5,80,3.1,Y,0295,
T45_08_16_2023,7,DS,8/16/23,LT,T45,L,0,14,N/A,P,F,0,N/A,12,SG,12:23,12:34,12:41,7,12.6,AES-5,80,3.1,Y,0295,
T45_08_16_2023,8,DS,8/16/23,LT,T45,R,2,14,N/A,G,G,1,"2-14; missed 4, 5, 7",12,SG,12:23,12:34,12:41,7,12.6,AES-5,80,3.1,Y,0295,
T46_08_16_2023,1,DS,8/16/23,VT,T46,L,0,14,N/A,G,G,1,N/A,12,SG,12:41,12:51,12:59,8,12.9,AES-6,78,3.4,Y,031D,
T46_08_16_2023,2,DS,8/16/23,VT,T46,R,3,14,N/A,G,G,0,disregard gate 11; good 3-14,12,SG,12:41,12:51,12:59,8,12.9,AES-6,78,3.4,Y,031D,
T46_08_16_2023,3,DS,8/16/23,VT,T46,L,8,14,N/A,G,G,1,14-Aug,12,SG,12:41,12:51,12:59,8,12.9,AES-6,78,3.4,Y,031D,
T46_08_16_2023,4,DS,8/16/23,VT,T46,R,3,14,10,G,G,2,9-Mar,12,SG,12:41,12:51,12:59,8,12.9,AES-6,78,3.4,Y,031D,
T46_08_16_2023,5,DS,8/16/23,VT,T46,L,0,14,N/A,G,G,0,N/A,12,SG,12:41,12:51,12:59,8,12.9,AES-6,78,3.4,Y,031D,
T46_08_16_2023,6,DS,8/16/23,VT,T46,R,0,14,8,G,G,0,N/A,12,SG,12:41,12:51,12:59,8,12.9,AES-6,78,3.4,Y,031D,
T46_08_16_2023,7,DS,8/16/23,VT,T46,L,0,14,N/A,F,G,0,fish getting tired,12,SG,12:41,12:51,12:59,8,12.9,AES-6,78,3.4,Y,031D,
T46_08_16_2023,8,DS,8/16/23,VT,T46,R,6,14,N/A,G,G,1,14-Jun,12,SG,12:41,12:51,12:59,8,12.9,AES-6,78,3.4,Y,031D,
T47_08_16_2023,1,DS,8/16/23,LT,T47,R,0,14,N/A,P,G,1,N/A,12,SG,1:00,1:10,1:17,7,13.1,AES-5,75,3,Y,02AB,
T47_08_16_2023,2,DS,8/16/23,LT,T47,L,0,14,N/A,F,F,0,N/A,12,SG,1:00,1:10,1:17,7,13.1,AES-5,75,3,Y,02AB,
T47_08_16_2023,3,DS,8/16/23,LT,T47,R,2,14,N/A,G,G,0,14-Feb,12,SG,1:00,1:10,1:17,7,13.1,AES-5,75,3,Y,02AB,
T47_08_16_2023,4,DS,8/16/23,LT,T47,L,0,14,N/A,G,G,0,N/A,12,SG,1:00,1:10,1:17,7,13.1,AES-5,75,3,Y,02AB,
T47_08_16_2023,5,DS,8/16/23,LT,T47,R,0,14,N/A,P,G,0,N/A,12,SG,1:00,1:10,1:17,7,13.1,AES-5,75,3,Y,02AB,
T47_08_16_2023,6,DS,8/16/23,LT,T47,L,0,14,N/A,F,G,0,N/A,12,SG,1:00,1:10,1:17,7,13.1,AES-5,75,3,Y,02AB,
T47_08_16_2023,7,DS,8/16/23,LT,T47,R,4,14,N/A,G,G,0,"4-14; missed 5, 6, 7",12,SG,1:00,1:10,1:17,7,13.1,AES-5,75,3,Y,02AB,
T47_08_16_2023,8,DS,8/16/23,LT,T47,L,4,14,N/A,G,G,0,14-Apr,12,SG,1:00,1:10,1:17,7,13.1,AES-5,75,3,Y,02AB,
T48_08_16_2023,1,DS,8/16/23,FC,T48,R,3,14,N/A,G,G,1,3-14; missed 12; Fish appears gravid before being placed in tunnel.,12,SG,1:18,1:29,1:37,8,13,AES-1,75,3.8,Y,,
T48_08_16_2023,2,DS,8/16/23,FC,T48,L,4,14,N/A,G,G,0,4-14; Fish appears gravid before being placed in tunnel.,12,SG,1:18,1:29,1:37,8,13,AES-1,75,3.8,Y,,
T48_08_16_2023,3,DS,8/16/23,FC,T48,R,0,14,N/A,G,G,0,"missed 9, 10; Fish appears gravid before being placed in tunnel.",12,SG,1:18,1:29,1:37,8,13,AES-1,75,3.8,Y,,
T48_08_16_2023,4,DS,8/16/23,FC,T48,L,1,14,N/A,G,G,1,1-14; Fish appears gravid before being placed in tunnel.,12,SG,1:18,1:29,1:37,8,13,AES-1,75,3.8,Y,,
T48_08_16_2023,5,DS,8/16/23,FC,T48,R,0,14,N/A,P,P,1,Fish appears gravid before being placed in tunnel.,12,SG,1:18,1:29,1:37,8,13,AES-1,75,3.8,Y,,
T48_08_16_2023,6,DS,8/16/23,FC,T48,L,4,14,N/A,G,G,0,4-14; Fish appears gravid before being placed in tunnel.,12,SG,1:18,1:29,1:37,8,13,AES-1,75,3.8,Y,,
T48_08_16_2023,7,DS,8/16/23,FC,T48,R,3,14,N/A,G,G,0,3-14; missed 9; Fish appears gravid before being placed in tunnel. ,12,SG,1:18,1:29,1:37,8,13,AES-1,75,3.8,Y,,
T48_08_16_2023,8,DS,8/16/23,FC,T48,L,0,14,12,G,G,0,Fish appears gravid before being placed in tunnel.,12,SG,1:18,1:29,1:37,8,13,AES-1,75,3.8,Y,,
T49_08_17_2023,1,DS,8/17/23,HC,T49,L,6,14,N/A,F,G,0,14-Jun,12,SG,8:20,8:30,8:38,8,13.1,AES-8,68,2.1,Y,,
T49_08_17_2023,2,DS,8/17/23,HC,T49,R,5,14,N/A,G,G,0,14-May,12,SG,8:20,8:30,8:38,8,13.1,AES-8,68,2.1,Y,,
T49_08_17_2023,3,DS,8/17/23,HC,T49,L,4,14,N/A,G,G,1,14-Apr,12,SG,8:20,8:30,8:38,8,13.1,AES-8,68,2.1,Y,,
T49_08_17_2023,4,DS,8/17/23,HC,T49,R,0,14,N/A,F,P,0,N/A,12,SG,8:20,8:30,8:38,8,13.1,AES-8,68,2.1,Y,,
T49_08_17_2023,5,DS,8/17/23,HC,T49,L,5,14,N/A,G,G,0,14-May,12,SG,8:20,8:30,8:38,8,13.1,AES-8,68,2.1,Y,,
T49_08_17_2023,6,DS,8/17/23,HC,T49,R,0,6,7,F,P,0,0-6,12,SG,8:20,8:30,8:38,8,13.1,AES-8,68,2.1,Y,,
T49_08_17_2023,7,DS,8/17/23,HC,T49,L,0,14,N/A,P,P,1,N/A,12,SG,8:20,8:30,8:38,8,13.1,AES-8,68,2.1,Y,,
T49_08_17_2023,8,DS,8/17/23,HC,T49,R,0,14,N/A,F,P,0,N/A,12,SG,8:20,8:30,8:38,8,13.1,AES-8,68,2.1,Y,,
T49_08_17_2023,9,DS,8/17/23,HC,T49,L,5,13,N/A,G,F,0,13-May,12,SG,8:20,8:30,8:38,8,13.1,AES-8,68,2.1,Y,,
T50_08_17_2023,1,DS,8/17/23,LS,T50,L,0,14,9,G,P,0,N/A,12,SG,8:39,8:50,8:58,8,12.6,AES-9,80,3.6,Y,,
T50_08_17_2023,2,DS,8/17/23,LS,T50,R,0,14,N/A,P,P,0,disregard- laser malfunction,12,SG,8:39,8:50,8:58,8,12.6,AES-9,80,3.6,Y,,
T50_08_17_2023,3,DS,8/17/23,LS,T50,L,0,14,7,G,P,0,0-7,12,SG,8:39,8:50,8:58,8,12.6,AES-9,80,3.6,Y,,
T50_08_17_2023,4,DS,8/17/23,LS,T50,R,0,14,11,G,G,0,N/A,12,SG,8:39,8:50,8:58,8,12.6,AES-9,80,3.6,Y,,
T50_08_17_2023,5,DS,8/17/23,LS,T50,L,0,4,N/A,P,P,0,N/A,12,SG,8:39,8:50,8:58,8,12.6,AES-9,80,3.6,Y,,
T50_08_17_2023,6,DS,8/17/23,LS,T50,L,6,14,N/A,G,F,1,14-Jun,12,SG,8:39,8:50,8:58,8,12.6,AES-9,80,3.6,Y,,
T50_08_17_2023,7,DS,8/17/23,LS,T50,R,0,14,N/A,G,G,2,missed 8-9; laser malfunction at 10.,12,SG,8:39,8:50,8:58,8,12.6,AES-9,80,3.6,Y,,
T50_08_17_2023,8,DS,8/17/23,LS,T50,L,0,14,N/A,G,G,1,N/A,12,SG,8:39,8:50,8:58,8,12.6,AES-9,80,3.6,Y,,
T51_08_17_2023,1,DS,8/17/23,FC,T51,R,0,14,N/A,G,G,0,N/A,12,SG,8:59,9:10,9:16,6,12.6,AES-7,81,4,Y,,
T51_08_17_2023,2,DS,8/17/23,FC,T51,L,0,14,N/A,F,F,0,N/A,12,SG,8:59,9:10,9:16,6,12.6,AES-7,81,4,Y,,
T51_08_17_2023,3,DS,8/17/23,FC,T51,R,0,14,N/A,F,P,0,N/A,12,SG,8:59,9:10,9:16,6,12.6,AES-7,81,4,Y,,
T51_08_17_2023,4,DS,8/17/23,FC,T51,L,0,14,N/A,P,G,0,N/A,12,SG,8:59,9:10,9:16,6,12.6,AES-7,81,4,Y,,
T51_08_17_2023,5,DS,8/17/23,FC,T51,R,0,14,N/A,P,G,0,N/A,12,SG,8:59,9:10,9:16,6,12.6,AES-7,81,4,Y,,
T51_08_17_2023,6,DS,8/17/23,FC,T51,L,4,14,12,G,F,0,12-Apr,12,SG,8:59,9:10,9:16,6,12.6,AES-7,81,4,Y,,
T51_08_17_2023,7,DS,8/17/23,FC,T51,R,0,14,N/A,G,G,0,N/A,12,SG,8:59,9:10,9:16,6,12.6,AES-7,81,4,Y,,
T51_08_17_2023,8,DS,8/17/23,FC,T51,L,0,14,N/A,P,F,0,N/A,12,SG,8:59,9:10,9:16,6,12.6,AES-7,81,4,Y,,
T52_08_17_2023,1,DS,8/17/23,VS,T52,L,1,14,N/A,G,G,0,"gravid female, 1-14",12,SG,9:17,9:28,9:35,7,12.5,AES-10,93,6.3,Y,,
T52_08_17_2023,2,DS,8/17/23,VS,T52,R,0,14,12,F,P,0,N/A,12,SG,9:17,9:28,9:35,7,12.5,AES-10,93,6.3,Y,,
T52_08_17_2023,3,DS,8/17/23,VS,T52,L,2,14,N/A,G,P,1,14-Feb,12,SG,9:17,9:28,9:35,7,12.5,AES-10,93,6.3,Y,,
T52_08_17_2023,4,DS,8/17/23,VS,T52,R,0,14,6,F,G,0,N/A,12,SG,9:17,9:28,9:35,7,12.5,AES-10,93,6.3,Y,,
T52_08_17_2023,5,DS,8/17/23,VS,T52,L,0,14,N/A,G,G,0,N/A,12,SG,9:17,9:28,9:35,7,12.5,AES-10,93,6.3,Y,,
T52_08_17_2023,6,DS,8/17/23,VS,T52,R,0,14,N/A,F,F,0,N/A,12,SG,9:17,9:28,9:35,7,12.5,AES-10,93,6.3,Y,,
T52_08_17_2023,7,DS,8/17/23,VS,T52,L,0,14,N/A,P,P,0,N/A,12,SG,9:17,9:28,9:35,7,12.5,AES-10,93,6.3,Y,,
T52_08_17_2023,8,DS,8/17/23,VS,T52,R,0,14,N/A,G,G,0,N/A,12,SG,9:17,9:28,9:35,7,12.5,AES-10,93,6.3,Y,,
T53_08_17_2023,1,DS,8/17/23,VS,T53,R,7,14,N/A,G,G,1,14-Jul,12,SG,9:35,9:45,9:53,8,11.6,AES-10,71,3.4,Y,,
T53_08_17_2023,2,DS,8/17/23,VS,T53,L,0,14,N/A,F,G,0,N/A,12,SG,9:35,9:45,9:53,8,11.6,AES-10,71,3.4,Y,,
T53_08_17_2023,3,DS,8/17/23,VS,T53,R,0,14,N/A,G,G,0,missed 1,12,SG,9:35,9:45,9:53,8,11.6,AES-10,71,3.4,Y,,
T53_08_17_2023,4,DS,8/17/23,VS,T53,L,4,14,N/A,G,G,0,14-Apr,12,SG,9:35,9:45,9:53,8,11.6,AES-10,71,3.4,Y,,
T53_08_17_2023,5,DS,8/17/23,VS,T53,R,0,14,N/A,P,F,0,N/A,12,SG,9:35,9:45,9:53,8,11.6,AES-10,71,3.4,Y,,
T53_08_17_2023,6,DS,8/17/23,VS,T53,L,4,14,N/A,G,G,1,14-Apr,12,SG,9:35,9:45,9:53,8,11.6,AES-10,71,3.4,Y,,
T53_08_17_2023,7,DS,8/17/23,VS,T53,R,0,5,N/A,P,P,0,Failed.,12,SG,9:35,9:45,9:53,8,11.6,AES-10,71,3.4,Y,,
T53_08_17_2023,8,DS,8/17/23,VS,T53,R,7,12,N/A,G,G,1,12-Jul,12,SG,9:35,9:45,9:53,8,11.6,AES-10,71,3.4,Y,,
T54_08_17_2023,1,DS,8/17/23,VT,T54,L,4,13,N/A,G,G,0,4-13; malfunction with 14.,12,SG,9:54,10:04,10:11,7,12.6,AES-12,90,5.7,Y,0207,
T54_08_17_2023,2,DS,8/17/23,VT,T54,R,0,14,N/A,P,P,3,N/A,12,SG,9:54,10:04,10:11,7,12.6,AES-12,90,5.7,Y,0207,
T54_08_17_2023,3,DS,8/17/23,VT,T54,L,5,14,N/A,G,G,0,14-May,12,SG,9:54,10:04,10:11,7,12.6,AES-12,90,5.7,Y,0207,
T54_08_17_2023,4,DS,8/17/23,VT,T54,R,0,14,13,F,F,0,N/A,12,SG,9:54,10:04,10:11,7,12.6,AES-12,90,5.7,Y,0207,
T54_08_17_2023,5,DS,8/17/23,VT,T54,L,0,14,N/A,F,P,0,N/A,12,SG,9:54,10:04,10:11,7,12.6,AES-12,90,5.7,Y,0207,
T54_08_17_2023,6,DS,8/17/23,VT,T54,R,0,14,N/A,F,P,0,N/A,12,SG,9:54,10:04,10:11,7,12.6,AES-12,90,5.7,Y,0207,
T54_08_17_2023,7,DS,8/17/23,VT,T54,L,0,14,N/A,G,G,0,N/A,12,SG,9:54,10:04,10:11,7,12.6,AES-12,90,5.7,Y,0207,
T54_08_17_2023,8,DS,8/17/23,VT,T54,R,0,14,N/A,G,G,0,N/A,12,SG,9:54,10:04,10:11,7,12.6,AES-12,90,5.7,Y,0207,
T55_08_17_2023,1,DS,8/17/23,LT,T55,L,3,14,N/A,G,G,0,14-Mar,12,SG,10:12,10:22,10:30,8,12.6,AES-11,71,3.2,Y,0392,
T55_08_17_2023,2,DS,8/17/23,LT,T55,R,5,14,N/A,G,G,0,14-May,12,SG,10:12,10:22,10:30,8,12.6,AES-11,71,3.2,Y,0392,
T55_08_17_2023,3,DS,8/17/23,LT,T55,L,4,8,9,G,G,0,8-Apr,12,SG,10:12,10:22,10:30,8,12.6,AES-11,71,3.2,Y,0392,
T55_08_17_2023,4,DS,8/17/23,LT,T55,R,0,14,N/A,F,P,0,N/A,12,SG,10:12,10:22,10:30,8,12.6,AES-11,71,3.2,Y,0392,
T55_08_17_2023,5,DS,8/17/23,LT,T55,L,0,14,N/A,P,F,0,N/A,12,SG,10:12,10:22,10:30,8,12.6,AES-11,71,3.2,Y,0392,
T55_08_17_2023,6,DS,8/17/23,LT,T55,R,3,10,11,G,G,1,good 3-10,12,SG,10:12,10:22,10:30,8,12.6,AES-11,71,3.2,Y,0392,
T55_08_17_2023,7,DS,8/17/23,LT,T55,L,0,14,N/A,F,P,0,N/A,12,SG,10:12,10:22,10:30,8,12.6,AES-11,71,3.2,Y,0392,
T55_08_17_2023,8,DS,8/17/23,LT,T55,R,0,14,N/A,G,G,0,N/A,12,SG,10:12,10:22,10:30,8,12.6,AES-11,71,3.2,Y,0392,
T56_08_17_2023,1,DS,8/17/23,LS,T56,L,0,14,N/A,P,P,0,N/A,12,SG,10:31,10:41,10:56,15,12.8,AES-9,81,5.4,Y,,
T56_08_17_2023,2,DS,8/17/23,LS,T56,R,0,14,N/A,P,P,0,N/A,12,SG,10:31,10:41,10:56,15,12.8,AES-9,81,5.4,Y,,
T56_08_17_2023,3,DS,8/17/23,LS,T56,L,0,14,N/A,P,P,0,N/A,12,SG,10:31,10:41,10:56,15,12.8,AES-9,81,5.4,Y,,
T56_08_17_2023,4,DS,8/17/23,LS,T56,R,2,10,10,G,G,1,10-Feb,12,SG,10:31,10:41,10:56,15,12.8,AES-9,81,5.4,Y,,
T56_08_17_2023,5,DS,8/17/23,LS,T56,L,0,14,N/A,F,G,0,N/A,12,SG,10:31,10:41,10:56,15,12.8,AES-9,81,5.4,Y,,
T56_08_17_2023,6,DS,8/17/23,LS,T56,R,0,14,N/A,F,P,0,Strange behavior: zig-zagging,12,SG,10:31,10:41,10:56,15,12.8,AES-9,81,5.4,Y,,
T56_08_17_2023,7,DS,8/17/23,LS,T56,L,0,14,N/A,F,G,0,"Fish is LOE, not bursting.",12,SG,10:31,10:41,10:56,15,12.8,AES-9,81,5.4,Y,,
T56_08_17_2023,8,DS,8/17/23,LS,T56,R,0,14,N/A,P,G,0,Well despite stimulus.,12,SG,10:31,10:41,10:56,15,12.8,AES-9,81,5.4,Y,,
T56_08_17_2023,9,DS,8/17/23,LS,T56,L,0,14,N/A,G,G,0,"Burst still slow, not swmming well.",12,SG,10:31,10:41,10:56,15,12.8,AES-9,81,5.4,Y,,
T56_08_17_2023,10,DS,8/17/23,LS,T56,R,0,7,8,G,G,0,good 0-7,12,SG,10:31,10:41,10:56,15,12.8,AES-9,81,5.4,Y,,
T57_08_17_2023,1,DS,8/17/23,LS,T57,R,4,14,N/A,G,G,1,14-Apr,12,SG,10:56,11:06,11:18,12,12.8,AES-9,81,4.6,Y,,
T57_08_17_2023,2,DS,8/17/23,LS,T57,L,0,N/A,N/A,N/A,N/A,N/A,disregard - human error,12,SG,10:56,11:06,11:18,12,12.8,AES-9,81,4.6,Y,,
T57_08_17_2023,3,DS,8/17/23,LS,T57,L,5,14,N/A,G,G,0,long delay due to laser misalignment / good 5-14,12,SG,10:56,11:06,11:18,12,12.8,AES-9,81,4.6,Y,,
T57_08_17_2023,4,DS,8/17/23,LS,T57,R,0,14,N/A,G,G,0,N/A,12,SG,10:56,11:06,11:18,12,12.8,AES-9,81,4.6,Y,,
T57_08_17_2023,5,DS,8/17/23,LS,T57,L,2,14,N/A,G,G,0,missed gate 1: good 2-14,12,SG,10:56,11:06,11:18,12,12.8,AES-9,81,4.6,Y,,
T57_08_17_2023,6,DS,8/17/23,LS,T57,R,9,14,N/A,G,G,1,good 9-14,12,SG,10:56,11:06,11:18,12,12.8,AES-9,81,4.6,Y,,
T57_08_17_2023,7,DS,8/17/23,LS,T57,L,2,14,N/A,G,G,1,good 2-14: missed 12,12,SG,10:56,11:06,11:18,12,12.8,AES-9,81,4.6,Y,,
T57_08_17_2023,8,DS,8/17/23,LS,T57,R,7,14,N/A,G,G,0,good 7-14,12,SG,10:56,11:06,11:18,12,12.8,AES-9,81,4.6,Y,,
T58_08_17_2023,1,DS,8/17/23,FC,T58,R,6,14,N/A,G,G,0,good 6-14,12,SG,11:37,11:47,11:54,7,12.5,AES-7,78,3.7,Y,,
T58_08_17_2023,2,DS,8/17/23,FC,T58,L,0,14,N/A,P,P,1,N/A,12,SG,11:37,11:47,11:54,7,12.5,AES-7,78,3.7,Y,,
T58_08_17_2023,3,DS,8/17/23,FC,T58,R,0,14,11,P,P,1,N/A,12,SG,11:37,11:47,11:54,7,12.5,AES-7,78,3.7,Y,,
T58_08_17_2023,4,DS,8/17/23,FC,T58,L,0,14,N/A,P,G,0,N/A,12,SG,11:37,11:47,11:54,7,12.5,AES-7,78,3.7,Y,,
T58_08_17_2023,5,DS,8/17/23,FC,T58,R,8,14,N/A,G,G,0,good 8-14,12,SG,11:37,11:47,11:54,7,12.5,AES-7,78,3.7,Y,,
T58_08_17_2023,6,DS,8/17/23,FC,T58,L,1,14,N/A,G,G,2,good 1-14,12,SG,11:37,11:47,11:54,7,12.5,AES-7,78,3.7,Y,,
T58_08_17_2023,7,DS,8/17/23,FC,T58,R,1,7,8,G,G,1,good 1-7,12,SG,11:37,11:47,11:54,7,12.5,AES-7,78,3.7,Y,,
T58_08_17_2023,8,DS,8/17/23,FC,T58,L,0,14,9,F,G,0,N/A,12,SG,11:37,11:47,11:54,7,12.5,AES-7,78,3.7,Y,,
T59_08_17_2023,1,DS,8/17/23,HC,T59,R,0,14,6,P,P,0,N/A,12,SG,12:36,12:46,12:55,9,12.9,AES-8,77,3.9,Y,,
T59_08_17_2023,2,DS,8/17/23,HC,T59,R,3,14,N/A,G,G,0,14-Mar,12,SG,12:36,12:46,12:55,9,12.9,AES-8,77,3.9,Y,,
T59_08_17_2023,3,DS,8/17/23,HC,T59,L,0,14,N/A,P,P,0,N/A,12,SG,12:36,12:46,12:55,9,12.9,AES-8,77,3.9,Y,,
T59_08_17_2023,4,DS,8/17/23,HC,T59,R,0,14,N/A,P,P,1,N/A,12,SG,12:36,12:46,12:55,9,12.9,AES-8,77,3.9,Y,,
T59_08_17_2023,5,DS,8/17/23,HC,T59,L,0,14,N/A,G,G,1,"missed 2,5,6,7",12,SG,12:36,12:46,12:55,9,12.9,AES-8,77,3.9,Y,,
T59_08_17_2023,6,DS,8/17/23,HC,T59,L,0,14,N/A,G,G,0,N/A,12,SG,12:36,12:46,12:55,9,12.9,AES-8,77,3.9,Y,,
T59_08_17_2023,7,DS,8/17/23,HC,T59,R,4,14,N/A,G,F,0,14-Apr,12,SG,12:36,12:46,12:55,9,12.9,AES-8,77,3.9,Y,,
T59_08_17_2023,8,DS,8/17/23,HC,T59,L,0,14,N/A,G,G,0,N/A,12,SG,12:36,12:46,12:55,9,12.9,AES-8,77,3.9,Y,,
T60_08_17_2023,1,DS,8/17/23,LT,T60,R,0,14,9,F,P,0,fish is lethargic,12,SG,12:55,13:05,13:15,10,12.9,AES-11,89,5.7,Y,0247,
T60_08_17_2023,2,DS,8/17/23,LT,T60,L,0,14,N/A,F,F,N/A,fish is lethargic,12,SG,12:55,13:05,13:15,10,12.9,AES-11,89,5.7,Y,0247,
T60_08_17_2023,3,DS,8/17/23,LT,T60,R,4,10,N/A,G,F,N/A,fish is lethargic; 4-10,12,SG,12:55,13:05,13:15,10,12.9,AES-11,89,5.7,Y,0247,
T60_08_17_2023,4,DS,8/17/23,LT,T60,L,0,14,N/A,P,P,N/A,fish is lethargic,12,SG,12:55,13:05,13:15,10,12.9,AES-11,89,5.7,Y,0247,
T60_08_17_2023,5,DS,8/17/23,LT,T60,R,0,14,9,G,F,N/A,fish is lethargic,12,SG,12:55,13:05,13:15,10,12.9,AES-11,89,5.7,Y,0247,
T60_08_17_2023,6,DS,8/17/23,LT,T60,L,0,14,N/A,P,F,N/A,fish is lethargic,12,SG,12:55,13:05,13:15,10,12.9,AES-11,89,5.7,Y,0247,
T60_08_17_2023,7,DS,8/17/23,LT,T60,L,0,14,N/A,P,F,N/A,fish is lethargic,12,SG,12:55,13:05,13:15,10,12.9,AES-11,89,5.7,Y,0247,
T60_08_17_2023,8,DS,8/17/23,LT,T60,R,0,14,N/A,G,G,N/A,fish is lethargic,12,SG,12:55,13:05,13:15,10,12.9,AES-11,89,5.7,Y,0247,
T61_08_17_2023,1,DS,8/17/23,LT,T61,R,0,14,7,G,P,N/A,N/A,12,SG,13:15,13:25,13:35,10,13,AES-11,68,2.5,Y,0110,
T61_08_17_2023,2,DS,8/17/23,LT,T61,L,0,14,10,G,P,N/A,N/A,12,SG,13:15,13:25,13:35,10,13,AES-11,68,2.5,Y,0110,
T61_08_17_2023,3,DS,8/17/23,LT,T61,R,0,14,N/A,G,G,1,N/A,12,SG,13:15,13:25,13:35,10,13,AES-11,68,2.5,Y,0110,
T61_08_17_2023,4,DS,8/17/23,LT,T61,L,0,14,N/A,P,G,N/A,N/A,12,SG,13:15,13:25,13:35,10,13,AES-11,68,2.5,Y,0110,
T61_08_17_2023,5,DS,8/17/23,LT,T61,R,5,14,N/A,G,G,2,14-May,12,SG,13:15,13:25,13:35,10,13,AES-11,68,2.5,Y,0110,
T61_08_17_2023,6,DS,8/17/23,LT,T61,L,3,14,N/A,G,F,N/A,14-Mar,12,SG,13:15,13:25,13:35,10,13,AES-11,68,2.5,Y,0110,
T61_08_17_2023,7,DS,8/17/23,LT,T61,L,0,14,N/A,F,F,N/A,N/A,12,SG,13:15,13:25,13:35,10,13,AES-11,68,2.5,Y,0110,
T61_08_17_2023,8,DS,8/17/23,LT,T61,R,0,14,N/A,G,G,N/A,"missed 7,8,9",12,SG,13:15,13:25,13:35,10,13,AES-11,68,2.5,Y,0110,
T62_08_17_2023,1,DS,8/17/23,VT,T62,L,4,10,10,G,P,N/A,10-Apr,12,SG,13:39,13:50,14:02,12,12.8,AES-12,71,2.5,Y,0219,
T62_08_17_2023,2,DS,8/17/23,VT,T62,R,0,10,11,G,G,N/A,"0-10, missed 3,4,7",12,SG,13:39,13:50,14:02,12,12.8,AES-12,71,2.5,Y,0219,
T62_08_17_2023,3,DS,8/17/23,VT,T62,L,0,14,N/A,G,G,N/A,"missed 4,5+11",12,SG,13:39,13:50,14:02,12,12.8,AES-12,71,2.5,Y,0219,
T62_08_17_2023,4,DS,8/17/23,VT,T62,R,0,14,N/A,P,P,N/A,fail ,12,SG,13:39,13:50,14:02,12,12.8,AES-12,71,2.5,Y,0219,
T62_08_17_2023,5,DS,8/17/23,VT,T62,R,0,14,N/A,G,G,N/A,missed 4-9,12,SG,13:39,13:50,14:02,12,12.8,AES-12,71,2.5,Y,0219,
T62_08_17_2023,6,DS,8/17/23,VT,T62,R,0,N/A,N/A,P,P,N/A,fail,12,SG,13:39,13:50,14:02,12,12.8,AES-12,71,2.5,Y,0219,
T62_08_17_2023,7,DS,8/17/23,VT,T62,L,0,14,N/A,G,G,N/A,N/A,12,SG,13:39,13:50,14:02,12,12.8,AES-12,71,2.5,Y,0219,
T62_08_17_2023,8,DS,8/17/23,VT,T62,R,0,11,N/A,G,G,N/A,"0-11, missed 1,2,3,7",12,SG,13:39,13:50,14:02,12,12.8,AES-12,71,2.5,Y,0219,
T62_08_17_2023,9,DS,8/17/23,VT,T62,L,4,14,N/A,G,G,N/A,"4-14, missed 5",12,SG,13:39,13:50,14:02,12,12.8,AES-12,71,2.5,Y,0219,
T63_08_17_2023,1,DS,8/17/23,FC,T63,L,0,14,N/A,P,F,N/A,N/A,12,SG,14:03,14:13,14:21,8,12.9,AES-7,77,3.4,Y,,
T63_08_17_2023,2,DS,8/17/23,FC,T63,R,11,14,N/A,F,P,N/A,14-Nov,12,SG,14:03,14:13,14:21,8,12.9,AES-7,77,3.4,Y,,
T63_08_17_2023,3,DS,8/17/23,FC,T63,L,3,14,N/A,G,G,N/A,14-Mar,12,SG,14:03,14:13,14:21,8,12.9,AES-7,77,3.4,Y,,
T63_08_17_2023,4,DS,8/17/23,FC,T63,R,5,14,N/A,G,F,N/A,14-May,12,SG,14:03,14:13,14:21,8,12.9,AES-7,77,3.4,Y,,
T63_08_17_2023,5,DS,8/17/23,FC,T63,R,7,14,N/A,G,G,N/A,14-Jul,12,SG,14:03,14:13,14:21,8,12.9,AES-7,77,3.4,Y,,
T63_08_17_2023,6,DS,8/17/23,FC,T63,L,5,14,N/A,G,G,N/A,14-May,12,SG,14:03,14:13,14:21,8,12.9,AES-7,77,3.4,Y,,
T63_08_17_2023,7,DS,8/17/23,FC,T63,R,0,14,N/A,F,F,N/A,N/A,12,SG,14:03,14:13,14:21,8,12.9,AES-7,77,3.4,Y,,
T63_08_17_2023,8,DS,8/17/23,FC,T63,L,0,14,N/A,F,F,N/A,N/A,12,SG,14:03,14:13,14:21,8,12.9,AES-7,77,3.4,Y,,
T64_08_17_2023,1,DS,8/17/23,HC,T64,L,10,14,N/A,G,P,N/A,14-Oct,12,SG,14:22,14:33,14:44,11,12.9,AES-8,87,4.6,Y,,
T64_08_17_2023,2,DS,8/17/23,HC,T64,R,3,14,N/A,G,G,N/A,14-Mar,12,SG,14:22,14:33,14:44,11,12.9,AES-8,87,4.6,Y,,
T64_08_17_2023,3,DS,8/17/23,HC,T64,L,0,0,N/A,N/A,N/A,N/A,fail,12,SG,14:22,14:33,14:44,11,12.9,AES-8,87,4.6,Y,,
T64_08_17_2023,4,DS,8/17/23,HC,T64,L,2,11,11,G,G,1,11-Feb,12,SG,14:22,14:33,14:44,11,12.9,AES-8,87,4.6,Y,,
T64_08_17_2023,5,DS,8/17/23,HC,T64,R,3,14,N/A,G,G,N/A,14-Mar,12,SG,14:22,14:33,14:44,11,12.9,AES-8,87,4.6,Y,,
T64_08_17_2023,6,DS,8/17/23,HC,T64,L,0,14,N/A,P,P,N/A,N/A,12,SG,14:22,14:33,14:44,11,12.9,AES-8,87,4.6,Y,,
T64_08_17_2023,7,DS,8/17/23,HC,T64,R,3,14,N/A,G,G,N/A,14-Mar,12,SG,14:22,14:33,14:44,11,12.9,AES-8,87,4.6,Y,,
T64_08_17_2023,8,DS,8/17/23,HC,T64,L,0,0,N/A,N/A,N/A,N/A,fail,12,SG,14:22,14:33,14:44,11,12.9,AES-8,87,4.6,Y,,
T64_08_17_2023,9,DS,8/17/23,HC,T64,R,2,14,N/A,G,G,1,14-Feb,12,SG,14:22,14:33,14:44,11,12.9,AES-8,87,4.6,Y,,
T65_08_18_2023,1,DS,8/18/23,LS,T65,L,0,14,N/A,G,P,0,N/A,12,SG,8:15,8:25,8:35,10,13.1,AES-9,87,4.4,Y,,
T65_08_18_2023,2,DS,8/18/23,LS,T65,R,0,14,N/A,F,F,N/A,N/A,12,SG,8:15,8:25,8:35,10,13.1,AES-9,87,4.4,Y,,
T65_08_18_2023,3,DS,8/18/23,LS,T65,L,0,14,N/A,F,P,N/A,N/A,12,SG,8:15,8:25,8:35,10,13.1,AES-9,87,4.4,Y,,
T65_08_18_2023,4,DS,8/18/23,LS,T65,R,0,14,N/A,G,G,N/A,missed gate 1,12,SG,8:15,8:25,8:35,10,13.1,AES-9,87,4.4,Y,,
T65_08_18_2023,5,DS,8/18/23,LS,T65,L,0,14,N/A,G,G,N/A,malfunction w/ gate 13,12,SG,8:15,8:25,8:35,10,13.1,AES-9,87,4.4,Y,,
T65_08_18_2023,6,DS,8/18/23,LS,T65,R,8,14,7,F,P,N/A,14-Aug,12,SG,8:15,8:25,8:35,10,13.1,AES-9,87,4.4,Y,,
T65_08_18_2023,7,DS,8/18/23,LS,T65,L,0,14,N/A,G,G,N/A,N/A,12,SG,8:15,8:25,8:35,10,13.1,AES-9,87,4.4,Y,,
T65_08_18_2023,8,DS,8/18/23,LS,T65,R,0,14,10,P,F,1,N/A,12,SG,8:15,8:25,8:35,10,13.1,AES-9,87,4.4,Y,,
T66_08_18_2023,1,DS,8/18/23,LS,T66,L,0,14,N/A,G,G,0,N/A,12,SG,8:48,8:58,9:09,11,13.1,AES-9,94,7.4,Y,,
T66_08_18_2023,2,DS,8/18/23,LS,T66,R,2,14,N/A,G,G,1,14-Feb,12,SG,8:48,8:58,9:09,11,13.1,AES-9,94,7.4,Y,,
T66_08_18_2023,3,DS,8/18/23,LS,T66,R,0,N/A,N/A,P,P,N/A,fail -disregard,12,SG,8:48,8:58,9:09,11,13.1,AES-9,94,7.4,Y,,
T66_08_18_2023,4,DS,8/18/23,LS,T66,R,3,14,N/A,G,G,N/A,14-Mar,12,SG,8:48,8:58,9:09,11,13.1,AES-9,94,7.4,Y,,
T66_08_18_2023,5,DS,8/18/23,LS,T66,L,0,14,N/A,P,F,N/A,N/A,12,SG,8:48,8:58,9:09,11,13.1,AES-9,94,7.4,Y,,
T66_08_18_2023,6,DS,8/18/23,LS,T66,R,2,14,N/A,G,G,1,14-Feb,12,SG,8:48,8:58,9:09,11,13.1,AES-9,94,7.4,Y,,
T66_08_18_2023,7,DS,8/18/23,LS,T66,L,5,14,N/A,G,G,N/A,14-May,12,SG,8:48,8:58,9:09,11,13.1,AES-9,94,7.4,Y,,
T66_08_18_2023,8,DS,8/18/23,LS,T66,R,0,14,N/A,P,P,1,N/A,12,SG,8:48,8:58,9:09,11,13.1,AES-9,94,7.4,Y,,
T67_08_18_2023,1,DS,8/18/23,FC,T67,L,1,14,N/A,G,G,0,14-Jan,12,SG,9:10,9:21,9:33,12,13,AES-7,87,6.2,Y,,
T67_08_18_2023,2,DS,8/18/23,FC,T67,R,0,14,N/A,G,P,N/A,N/A,12,SG,9:10,9:21,9:33,12,13,AES-7,87,6.2,Y,,
T67_08_18_2023,3,DS,8/18/23,FC,T67,L,0,14,N/A,G,G,N/A,N/A,12,SG,9:10,9:21,9:33,12,13,AES-7,87,6.2,Y,,
T67_08_18_2023,4,DS,8/18/23,FC,T67,L,0,14,N/A,P,P,N/A,N/A,12,SG,9:10,9:21,9:33,12,13,AES-7,87,6.2,Y,,
T67_08_18_2023,5,DS,8/18/23,FC,T67,R,2,12,12,G,G,N/A,12-Feb,12,SG,9:10,9:21,9:33,12,13,AES-7,87,6.2,Y,,
T67_08_18_2023,6,DS,8/18/23,FC,T67,L,0,14,N/A,G,G,N/A,N/A,12,SG,9:10,9:21,9:33,12,13,AES-7,87,6.2,Y,,
T67_08_18_2023,7,DS,8/18/23,FC,T67,R,0,12,13,G,G,1,0-12,12,SG,9:10,9:21,9:33,12,13,AES-7,87,6.2,Y,,
T67_08_18_2023,8,DS,8/18/23,FC,T67,L,0,14,N/A,G,G,N/A,N/A,12,SG,9:10,9:21,9:33,12,13,AES-7,87,6.2,Y,,
T68_08_18_2023,1,DS,8/18/23,VT,T68,L,2,14,N/A,G,G,N/A,14-Feb,12,SG,9:34,9:46,9:54,8,13.1,AES-12,75,2.9,Y,07A0,
T68_08_18_2023,2,DS,8/18/23,VT,T68,R,4,14,N/A,G,G,N/A,14-Apr,12,SG,9:34,9:46,9:54,8,13.1,AES-12,75,2.9,Y,07A0,
T68_08_18_2023,3,DS,8/18/23,VT,T68,R,0,N/A,N/A,P,P,N/A,Fail -disregard,12,SG,9:34,9:46,9:54,8,13.1,AES-12,75,2.9,Y,07A0,
T68_08_18_2023,4,DS,8/18/23,VT,T68,L,0,14,N/A,P,P,N/A,N/A,12,SG,9:34,9:46,9:54,8,13.1,AES-12,75,2.9,Y,07A0,
T68_08_18_2023,5,DS,8/18/23,VT,T68,L,0,N/A,N/A,P,P,N/A,Fail -disregard,12,SG,9:34,9:46,9:54,8,13.1,AES-12,75,2.9,Y,07A0,
T68_08_18_2023,6,DS,8/18/23,VT,T68,L,2,14,N/A,G,G,N/A,14-Feb,12,SG,9:34,9:46,9:54,8,13.1,AES-12,75,2.9,Y,07A0,
T68_08_18_2023,7,DS,8/18/23,VT,T68,R,0,14,N/A,G,G,N/A,N/A,12,SG,9:34,9:46,9:54,8,13.1,AES-12,75,2.9,Y,07A0,
T68_08_18_2023,8,DS,8/18/23,VT,T68,L,0,14,N/A,P,P,N/A,N/A,12,SG,9:34,9:46,9:54,8,13.1,AES-12,75,2.9,Y,07A0,
T68_08_18_2023,9,DS,8/18/23,VT,T68,R,9,14,N/A,G,G,N/A,14-Sep,12,SG,9:34,9:46,9:54,8,13.1,AES-12,75,2.9,Y,07A0,
T69_08_18_2023,1,DS,8/18/23,FC,T69,L,1,14,N/A,G,G,N/A,14-Jan,12,SG,9:55,10:06,10:16,10,13,AES-7,84,5.1,Y,,
T69_08_18_2023,2,DS,8/18/23,FC,T69,R,0,14,N/A,G,G,N/A,N/A,12,SG,9:55,10:06,10:16,10,13,AES-7,84,5.1,Y,,
T69_08_18_2023,3,DS,8/18/23,FC,T69,L,3,14,N/A,G,G,N/A,14-Mar,12,SG,9:55,10:06,10:16,10,13,AES-7,84,5.1,Y,,
T69_08_18_2023,4,DS,8/18/23,FC,T69,R,2,14,N/A,G,G,N/A,14-Feb,12,SG,9:55,10:06,10:16,10,13,AES-7,84,5.1,Y,,
T69_08_18_2023,5,DS,8/18/23,FC,T69,L,0,14,N/A,P,P,N/A,N/A,12,SG,9:55,10:06,10:16,10,13,AES-7,84,5.1,Y,,
T69_08_18_2023,6,DS,8/18/23,FC,T69,R,0,14,10,F,G,N/A,N/A,12,SG,9:55,10:06,10:16,10,13,AES-7,84,5.1,Y,,
T69_08_18_2023,7,DS,8/18/23,FC,T69,L,0,14,N/A,G,G,N/A,missed 11,12,SG,9:55,10:06,10:16,10,13,AES-7,84,5.1,Y,,
T69_08_18_2023,8,DS,8/18/23,FC,T69,R,0,14,N/A,P,P,N/A,N/A,12,SG,9:55,10:06,10:16,10,13,AES-7,84,5.1,Y,,
T70_08_18_2023,1,DS,8/18/23,VS,T70,R,0,14,N/A,G,G,N/A,missed gate 1,12,SG,10:17,10:28,10:38,10,12.9,AES-10,84,4,Y,,
T70_08_18_2023,2,DS,8/18/23,VS,T70,R,0,N/A,N/A,P,P,N/A,Fail -disregard,12,SG,10:17,10:28,10:38,10,12.9,AES-10,84,4,Y,,
T70_08_18_2023,3,DS,8/18/23,VS,T70,R,0,14,N/A,F,P,N/A,N/A,12,SG,10:17,10:28,10:38,10,12.9,AES-10,84,4,Y,,
T70_08_18_2023,4,DS,8/18/23,VS,T70,L,3,14,N/A,G,G,N/A,14-Mar,12,SG,10:17,10:28,10:38,10,12.9,AES-10,84,4,Y,,
T70_08_18_2023,5,DS,8/18/23,VS,T70,R,1,14,N/A,G,G,1,14-Jan,12,SG,10:17,10:28,10:38,10,12.9,AES-10,84,4,Y,,
T70_08_18_2023,6,DS,8/18/23,VS,T70,L,0,N/A,N/A,P,P,N/A,Fail -disregard,12,SG,10:17,10:28,10:38,10,12.9,AES-10,84,4,Y,,
T70_08_18_2023,7,DS,8/18/23,VS,T70,R,0,N/A,N/A,F,P,N/A,N/A,12,SG,10:17,10:28,10:38,10,12.9,AES-10,84,4,Y,,
T70_08_18_2023,8,DS,8/18/23,VS,T70,L,0,N/A,N/A,G,G,N/A,N/A,12,SG,10:17,10:28,10:38,10,12.9,AES-10,84,4,Y,,
T71_08_18_2023,1,DS,8/18/23,LT,T71,L,0,14,N/A,G,G,N/A,N/A,12,SG,10:39,10:49,11:03,14,13,AES-11,81,3.9,Y,06FB,
T71_08_18_2023,2,DS,8/18/23,LT,T71,R,0,14,N/A,G,G,N/A,"missed 1,3,7",12,SG,10:39,10:49,11:03,14,13,AES-11,81,3.9,Y,06FB,
T71_08_18_2023,3,DS,8/18/23,LT,T71,L,0,14,N/A,G,G,N/A,N/A,12,SG,10:39,10:49,11:03,14,13,AES-11,81,3.9,Y,06FB,
T71_08_18_2023,4,DS,8/18/23,LT,T71,R,0,14,N/A,G,G,N/A,N/A,12,SG,10:39,10:49,11:03,14,13,AES-11,81,3.9,Y,06FB,
T71_08_18_2023,5,DS,8/18/23,LT,T71,L,0,14,N/A,P,P,N/A,N/A,12,SG,10:39,10:49,11:03,14,13,AES-11,81,3.9,Y,06FB,
T71_08_18_2023,6,DS,8/18/23,LT,T71,R,6,14,N/A,G,G,N/A,6-14 <- LOL Hi Anna,12,SG,10:39,10:49,11:03,14,13,AES-11,81,3.9,Y,06FB,
T71_08_18_2023,7,DS,8/18/23,LT,T71,L,6,14,N/A,G,G,N/A,14-Jun,12,SG,10:39,10:49,11:03,14,13,AES-11,81,3.9,Y,06FB,
T71_08_18_2023,8,DS,8/18/23,LT,T71,R,0,14,N/A,F,G,N/A,N/A,12,SG,10:39,10:49,11:03,14,13,AES-11,81,3.9,Y,06FB,
T72_08_18_2023,1,DS,8/18/23,HC,T72,L,10,14,N/A,P,F,N/A,14-Oct,12,SG,11:03,11:13,11:22,9,12.6,AES-8,86,4.3,Y,,
T72_08_18_2023,2,DS,8/18/23,HC,T72,R,0,14,N/A,G,G,N/A,N/A,12,SG,11:03,11:13,11:22,9,12.6,AES-8,86,4.3,Y,,
T72_08_18_2023,3,DS,8/18/23,HC,T72,L,0,14,N/A,P,P,N/A,N/A,12,SG,11:03,11:13,11:22,9,12.6,AES-8,86,4.3,Y,,
T72_08_18_2023,4,DS,8/18/23,HC,T72,L,0,14,N/A,P,P,2,N/A,12,SG,11:03,11:13,11:22,9,12.6,AES-8,86,4.3,Y,,
T72_08_18_2023,5,DS,8/18/23,HC,T72,R,8,14,N/A,G,G,N/A,14-Aug,12,SG,11:03,11:13,11:22,9,12.6,AES-8,86,4.3,Y,,
T72_08_18_2023,6,DS,8/18/23,HC,T72,L,0,14,N/A,P,P,N/A,N/A,12,SG,11:03,11:13,11:22,9,12.6,AES-8,86,4.3,Y,,
T72_08_18_2023,7,DS,8/18/23,HC,T72,R,3,11,12,G,G,N/A,11-Mar,12,SG,11:03,11:13,11:22,9,12.6,AES-8,86,4.3,Y,,
T72_08_18_2023,8,DS,8/18/23,HC,T72,L,0,14,N/A,P,P,N/A,N/A,12,SG,11:03,11:13,11:22,9,12.6,AES-8,86,4.3,Y,,
T73_08_18_2023,1,DS,8/18/23,VS,T73,R,0,14,N/A,P,F,N/A,N/A,12,SG,11:23,11:33,11:44,11,12.7,AES-10,83,3.7,Y,,
T73_08_18_2023,2,DS,8/18/23,VS,T73,L,6,14,N/A,G,G,N/A,14-Jun,12,SG,11:23,11:33,11:44,11,12.7,AES-10,83,3.7,Y,,
T73_08_18_2023,3,DS,8/18/23,VS,T73,R,5,14,N/A,G,G,N/A,14-May,12,SG,11:23,11:33,11:44,11,12.7,AES-10,83,3.7,Y,,
T73_08_18_2023,4,DS,8/18/23,VS,T73,L,1,5,6,G,P,N/A,5-Jan,12,SG,11:23,11:33,11:44,11,12.7,AES-10,83,3.7,Y,,
T73_08_18_2023,5,DS,8/18/23,VS,T73,R,0,14,N/A,P,P,N/A,N/A,12,SG,11:23,11:33,11:44,11,12.7,AES-10,83,3.7,Y,,
T73_08_18_2023,6,DS,8/18/23,VS,T73,L,0,14,N/A,G,G,N/A,N/A,12,SG,11:23,11:33,11:44,11,12.7,AES-10,83,3.7,Y,,
T73_08_18_2023,7,DS,8/18/23,VS,T73,R,0,14,N/A,P,P,N/A,N/A,12,SG,11:23,11:33,11:44,11,12.7,AES-10,83,3.7,Y,,
T73_08_18_2023,8,DS,8/18/23,VS,T73,L,0,14,N/A,P,P,1,N/A,12,SG,11:23,11:33,11:44,11,12.7,AES-10,83,3.7,Y,,
T74_08_18_2023,1,DS,8/18/23,VT,T74,R,2,10,10,G,G,N/A,10-Feb,12,SG,11:45,11:57,12:07,10,12.6,AES-12,80,3.1,Y,03C4,
T74_08_18_2023,2,DS,8/18/23,VT,T74,L,5,10,11,G,G,N/A,10-May,12,SG,11:45,11:57,12:07,10,12.6,AES-12,80,3.1,Y,03C4,
T74_08_18_2023,3,DS,8/18/23,VT,T74,R,3,10,11,G,G,N/A,10-Mar,12,SG,11:45,11:57,12:07,10,12.6,AES-12,80,3.1,Y,03C4,
T74_08_18_2023,4,DS,8/18/23,VT,T74,L,0,14,N/A,G,G,1,N/A,12,SG,11:45,11:57,12:07,10,12.6,AES-12,80,3.1,Y,03C4,
T74_08_18_2023,5,DS,8/18/23,VT,T74,R,4,14,N/A,G,G,1,14-Apr,12,SG,11:45,11:57,12:07,10,12.6,AES-12,80,3.1,Y,03C4,
T74_08_18_2023,6,DS,8/18/23,VT,T74,L,0,14,N/A,F,P,N/A,N/A,12,SG,11:45,11:57,12:07,10,12.6,AES-12,80,3.1,Y,03C4,
T74_08_18_2023,7,DS,8/18/23,VT,T74,R,0,14,N/A,P,P,N/A,N/A,12,SG,11:45,11:57,12:07,10,12.6,AES-12,80,3.1,Y,03C4,
T74_08_18_2023,8,DS,8/18/23,VT,T74,L,5,14,N/A,G,G,N/A,14-May,12,SG,11:45,11:57,12:07,10,12.6,AES-12,80,3.1,Y,03C4,
T75_08_18_2023,1,DS,8/18/23,VS,T75,L,8,14,N/A,F,P,N/A,14-Aug,12,SG,12:12,12:22,12:32,10,12.9,AES-10,85,4.4,Y,,
T75_08_18_2023,2,DS,8/18/23,VS,T75,R,2,14,N/A,G,G,N/A,14-Feb,12,SG,12:12,12:22,12:32,10,12.9,AES-10,85,4.4,Y,,
T75_08_18_2023,3,DS,8/18/23,VS,T75,L,2,6,7,F,P,N/A,6-Feb,12,SG,12:12,12:22,12:32,10,12.9,AES-10,85,4.4,Y,,
T75_08_18_2023,4,DS,8/18/23,VS,T75,R,6,14,N/A,F,G,1,14-Jun,12,SG,12:12,12:22,12:32,10,12.9,AES-10,85,4.4,Y,,
T75_08_18_2023,5,DS,8/18/23,VS,T75,L,0,14,N/A,P,P,N/A,N/A,12,SG,12:12,12:22,12:32,10,12.9,AES-10,85,4.4,Y,,
T75_08_18_2023,6,DS,8/18/23,VS,T75,R,3,14,N/A,G,G,N/A,3-14. missed 5,12,SG,12:12,12:22,12:32,10,12.9,AES-10,85,4.4,Y,,
T75_08_18_2023,7,DS,8/18/23,VS,T75,L,4,14,N/A,G,G,N/A,14-Apr,12,SG,12:12,12:22,12:32,10,12.9,AES-10,85,4.4,Y,,
T75_08_18_2023,8,DS,8/18/23,VS,T75,R,8,14,N/A,G,G,N/A,14-Aug,12,SG,12:12,12:22,12:32,10,12.9,AES-10,85,4.4,Y,,
T76_08_18_2023,1,DS,8/18/23,FC,T76,L,0,14,N/A,G,G,N/A,N/A,12,SG,12:53,13:03,13:13,10,12.9,AES-7,74,3.1,Y,,
T76_08_18_2023,2,DS,8/18/23,FC,T76,R,0,14,N/A,G,P,N/A,N/A,12,SG,12:53,13:03,13:13,10,12.9,AES-7,74,3.1,Y,,
T76_08_18_2023,3,DS,8/18/23,FC,T76,L,0,14,N/A,G,G,N/A,N/A,12,SG,12:53,13:03,13:13,10,12.9,AES-7,74,3.1,Y,,
T76_08_18_2023,4,DS,8/18/23,FC,T76,R,0,14,N/A,P,P,N/A,N/A,12,SG,12:53,13:03,13:13,10,12.9,AES-7,74,3.1,Y,,
T76_08_18_2023,5,DS,8/18/23,FC,T76,L,2,14,N/A,G,G,N/A,14-Feb,12,SG,12:53,13:03,13:13,10,12.9,AES-7,74,3.1,Y,,
T76_08_18_2023,6,DS,8/18/23,FC,T76,R,0,14,N/A,P,P,N/A,N/A,12,SG,12:53,13:03,13:13,10,12.9,AES-7,74,3.1,Y,,
T76_08_18_2023,7,DS,8/18/23,FC,T76,R,0,N/A,N/A,P,P,N/A,Failed-disregard,12,SG,12:53,13:03,13:13,10,12.9,AES-7,74,3.1,Y,,
T76_08_18_2023,8,DS,8/18/23,FC,T76,R,0,11,11,G,G,N/A,0-11,12,SG,12:53,13:03,13:13,10,12.9,AES-7,74,3.1,Y,,
T77_08_19_2023,1,DS,8/19/23,HC,T77,R,0,14,N/A,F,P,N/A,N/A,12,SG,8:15,8:25,8:37,12,13.1,AES-8,76,3.8,Y,,
T77_08_19_2023,2,DS,8/19/23,HC,T77,L,0,14,N/A,F,P,N/A,N/A,12,SG,8:15,8:25,8:37,12,13.1,AES-8,76,3.8,Y,,
T77_08_19_2023,3,DS,8/19/23,HC,T77,L,0,11,12,G,P,N/A,0-11,12,SG,8:15,8:25,8:37,12,13.1,AES-8,76,3.8,Y,,
T77_08_19_2023,4,DS,8/19/23,HC,T77,R,0,14,N/A,G,G,1,N/A,12,SG,8:15,8:25,8:37,12,13.1,AES-8,76,3.8,Y,,
T77_08_19_2023,5,DS,8/19/23,HC,T77,L,5,10,N/A,F,P,1,10-May,12,SG,8:15,8:25,8:37,12,13.1,AES-8,76,3.8,Y,,
T77_08_19_2023,6,DS,8/19/23,HC,T77,R,6,14,N/A,G,G,1,14-Jun,12,SG,8:15,8:25,8:37,12,13.1,AES-8,76,3.8,Y,,
T77_08_19_2023,7,DS,8/19/23,HC,T77,L,0,14,N/A,P,P,N/A,N/A,12,SG,8:15,8:25,8:37,12,13.1,AES-8,76,3.8,Y,,
T77_08_19_2023,8,DS,8/19/23,HC,T77,R,0,14,N/A,F,P,N/A,N/A,12,SG,8:15,8:25,8:37,12,13.1,AES-8,76,3.8,Y,,
T77_08_19_2023,9,DS,8/19/23,HC,T77,L,3,10,11,G,G,1,10-Mar,12,SG,8:15,8:25,8:37,12,13.1,AES-8,76,3.8,Y,,
T78_08_18_2023,1,DS,8/18/23,LT,T78,R,2,14,N/A,G,G,1,14-Feb,12,SG,13:49,13:59,14:09,10,12.8,AES-11,81,4.1,Y,0491,
T78_08_18_2023,2,DS,8/18/23,LT,T78,L,3,14,N/A,G,G,N/A,"3-14, missed 5-7",12,SG,13:49,13:59,14:09,10,12.8,AES-11,81,4.1,Y,0491,
T78_08_18_2023,3,DS,8/18/23,LT,T78,R,4,14,N/A,G,G,N/A,14-Apr,12,SG,13:49,13:59,14:09,10,12.8,AES-11,81,4.1,Y,0491,
T78_08_18_2023,4,DS,8/18/23,LT,T78,L,0,14,N/A,P,P,N/A,N/A,12,SG,13:49,13:59,14:09,10,12.8,AES-11,81,4.1,Y,0491,
T78_08_18_2023,5,DS,8/18/23,LT,T78,R,0,7,8,G,P,N/A,0-7,12,SG,13:49,13:59,14:09,10,12.8,AES-11,81,4.1,Y,0491,
T78_08_18_2023,6,DS,8/18/23,LT,T78,L,2,14,N/A,G,G,N/A,"2-14, 3-5+7 missed",12,SG,13:49,13:59,14:09,10,12.8,AES-11,81,4.1,Y,0491,
T78_08_18_2023,7,DS,8/18/23,LT,T78,R,2,14,N/A,G,G,N/A,"2-14, missed 7, 9-11",12,SG,13:49,13:59,14:09,10,12.8,AES-11,81,4.1,Y,0491,
T78_08_18_2023,8,DS,8/18/23,LT,T78,L,0,14,N/A,P,P,N/A,N/A,12,SG,13:49,13:59,14:09,10,12.8,AES-11,81,4.1,Y,0491,
T79_08_18_2023,1,DS,8/18/23,HC,T79,R,7,14,6,G,G,N/A,14-Jul,12,SG,14:12,14:22,14:33,11,12.9,AES-8,81,3.4,Y,,
T79_08_18_2023,2,DS,8/18/23,HC,T79,R,0,N/A,N/A,P,P,N/A,Failed-disregard,12,SG,14:12,14:22,14:33,11,12.9,AES-8,81,3.4,Y,,
T79_08_18_2023,3,DS,8/18/23,HC,T79,L,0,4,5,F,P,N/A,0-4,12,SG,14:12,14:22,14:33,11,12.9,AES-8,81,3.4,Y,,
T79_08_18_2023,4,DS,8/18/23,HC,T79,R,0,5,N/A,P,P,N/A,N/A,12,SG,14:12,14:22,14:33,11,12.9,AES-8,81,3.4,Y,,
T79_08_18_2023,5,DS,8/18/23,HC,T79,L,0,14,N/A,P,P,N/A,N/A,12,SG,14:12,14:22,14:33,11,12.9,AES-8,81,3.4,Y,,
T79_08_18_2023,6,DS,8/18/23,HC,T79,R,8,14,N/A,G,G,N/A,14-Aug,12,SG,14:12,14:22,14:33,11,12.9,AES-8,81,3.4,Y,,
T79_08_18_2023,7,DS,8/18/23,HC,T79,L,2,14,N/A,G,G,N/A,14-Feb,12,SG,14:12,14:22,14:33,11,12.9,AES-8,81,3.4,Y,,
T79_08_18_2023,8,DS,8/18/23,HC,T79,R,6,14,N/A,G,G,N/A,14-Jun,12,SG,14:12,14:22,14:33,11,12.9,AES-8,81,3.4,Y,,
T80_08_18_2023,1,DS,8/18/23,VT,T80,L,3,14,N/A,G,G,N/A,14-Mar,12,SG,14:34,14:44,14:54,10,12.9,AES-12,73,2.6,Y,00F1,
T80_08_18_2023,2,DS,8/18/23,VT,T80,R,0,14,N/A,P,P,N/A,N/A,12,SG,14:34,14:44,14:54,10,12.9,AES-12,73,2.6,Y,00F1,
T80_08_18_2023,3,DS,8/18/23,VT,T80,L,4,14,N/A,G,G,N/A,14-Apr,12,SG,14:34,14:44,14:54,10,12.9,AES-12,73,2.6,Y,00F1,
T80_08_18_2023,4,DS,8/18/23,VT,T80,R,0,14,N/A,P,P,N/A,N/A,12,SG,14:34,14:44,14:54,10,12.9,AES-12,73,2.6,Y,00F1,
T80_08_18_2023,5,DS,8/18/23,VT,T80,L,4,14,N/A,G,G,N/A,14-Apr,12,SG,14:34,14:44,14:54,10,12.9,AES-12,73,2.6,Y,00F1,
T80_08_18_2023,6,DS,8/18/23,VT,T80,R,0,14,N/A,P,P,N/A,N/A,12,SG,14:34,14:44,14:54,10,12.9,AES-12,73,2.6,Y,00F1,
T80_08_18_2023,7,DS,8/18/23,VT,T80,L,3,14,N/A,G,G,N/A,14-Mar,12,SG,14:34,14:44,14:54,10,12.9,AES-12,73,2.6,Y,00F1,
T80_08_18_2023,8,DS,8/18/23,VT,T80,R,0,14,N/A,G,G,N/A,"Missed 3, 4, 5",12,SG,14:34,14:44,14:54,10,12.9,AES-12,73,2.6,Y,00F1,
T81_08_19_2023,1,DS,8/19/23,VT,T81,L,3,14,N/A,G,G,N/A,14-Mar,12,SG,8:38,8:49,8:58,9,12.6,AES-12,80,4.2,Y,009A,
T81_08_19_2023,2,DS,8/19/23,VT,T81,R,0,N/A,N/A,P,P,N/A,N/A,12,SG,8:38,8:49,8:58,9,12.6,AES-12,80,4.2,Y,009A,
T81_08_19_2023,3,DS,8/19/23,VT,T81,L,6,14,N/A,G,G,N/A,14-Jun,12,SG,8:38,8:49,8:58,9,12.6,AES-12,80,4.2,Y,009A,
T81_08_19_2023,4,DS,8/19/23,VT,T81,R,7,11,12,F,G,N/A,11-Jul,12,SG,8:38,8:49,8:58,9,12.6,AES-12,80,4.2,Y,009A,
T81_08_19_2023,5,DS,8/19/23,VT,T81,L,4,14,N/A,G,G,1,14-Apr,12,SG,8:38,8:49,8:58,9,12.6,AES-12,80,4.2,Y,009A,
T81_08_19_2023,6,DS,8/19/23,VT,T81,R,0,14,N/A,F,P,N/A,N/A,12,SG,8:38,8:49,8:58,9,12.6,AES-12,80,4.2,Y,009A,
T81_08_19_2023,7,DS,8/19/23,VT,T81,L,0,14,N/A,P,P,N/A,N/A,12,SG,8:38,8:49,8:58,9,12.6,AES-12,80,4.2,Y,009A,
T81_08_19_2023,8,DS,8/19/23,VT,T81,R,0,14,N/A,G,G,N/A,N/A,12,SG,8:38,8:49,8:58,9,12.6,AES-12,80,4.2,Y,009A,
T82_08_19_2023,1,DS,8/19/23,LS,T82,R,5,14,N/A,G,P,N/A,14-May,12,SG,9:03,9:13,9:22,9,12.8,AES-9,74,2.7,Y,,
T82_08_19_2023,2,DS,8/19/23,LS,T82,L,2,14,N/A,G,G,N/A,14-Feb,12,SG,9:03,9:13,9:22,9,12.8,AES-9,74,2.7,Y,,
T82_08_19_2023,3,DS,8/19/23,LS,T82,L,0,14,9,F,P,N/A,N/A,12,SG,9:03,9:13,9:22,9,12.8,AES-9,74,2.7,Y,,
T82_08_19_2023,4,DS,8/19/23,LS,T82,R,8,12,N/A,G,G,1,"8-12, ,missed 13+14",12,SG,9:03,9:13,9:22,9,12.8,AES-9,74,2.7,Y,,
T82_08_19_2023,5,DS,8/19/23,LS,T82,R,0,14,N/A,G,G,N/A,"0-14, missed 4-9 + 11-13",12,SG,9:03,9:13,9:22,9,12.8,AES-9,74,2.7,Y,,
T82_08_19_2023,6,DS,8/19/23,LS,T82,L,6,14,N/A,G,G,N/A,14-Jun,12,SG,9:03,9:13,9:22,9,12.8,AES-9,74,2.7,Y,,
T82_08_19_2023,7,DS,8/19/23,LS,T82,R,0,14,N/A,G,G,N/A,N/A,12,SG,9:03,9:13,9:22,9,12.8,AES-9,74,2.7,Y,,
T82_08_19_2023,8,DS,8/19/23,LS,T82,L,0,14,N/A,F,F,N/A,N/A,12,SG,9:03,9:13,9:22,9,12.8,AES-9,74,2.7,Y,,
T83_08_19_2023,1,DS,8/19/23,HC,T83,L,0,14,N/A,P,P,N/A,N/A,12,SG,9:23,9:33,9:41,8,12.8,AES-8,84,4.4,Y,,
T83_08_19_2023,2,DS,8/19/23,HC,T83,R,0,14,N/A,P,P,N/A,N/A,12,SG,9:23,9:33,9:41,8,12.8,AES-8,84,4.4,Y,,
T83_08_19_2023,3,DS,8/19/23,HC,T83,L,8,14,N/A,G,G,N/A,14-Aug,12,SG,9:23,9:33,9:41,8,12.8,AES-8,84,4.4,Y,,
T83_08_19_2023,4,DS,8/19/23,HC,T83,R,0,8,9,G,P,N/A,0-8,12,SG,9:23,9:33,9:41,8,12.8,AES-8,84,4.4,Y,,
T83_08_19_2023,5,DS,8/19/23,HC,T83,L,0,14,N/A,P,P,N/A,N/A,12,SG,9:23,9:33,9:41,8,12.8,AES-8,84,4.4,Y,,
T83_08_19_2023,6,DS,8/19/23,HC,T83,R,5,14,N/A,G,G,N/A,14-May,12,SG,9:23,9:33,9:41,8,12.8,AES-8,84,4.4,Y,,
T83_08_19_2023,7,DS,8/19/23,HC,T83,L,6,14,N/A,G,G,1,14-Jun,12,SG,9:23,9:33,9:41,8,12.8,AES-8,84,4.4,Y,,
T83_08_19_2023,8,DS,8/19/23,HC,T83,R,0,14,N/A,F,G,N/A,N/A,12,SG,9:23,9:33,9:41,8,12.8,AES-8,84,4.4,Y,,
T84_08_19_2023,1,DS,8/19/23,LS,T84,L,4,14,N/A,G,G,N/A,14-Apr,12,SG,9:42,9:54,10:02,8,12.8,AES-9,74,3.5,Y,,
T84_08_19_2023,2,DS,8/19/23,LS,T84,R,2,14,N/A,G,G,N/A,14-Feb,12,SG,9:42,9:54,10:02,8,12.8,AES-9,74,3.5,Y,,
T84_08_19_2023,3,DS,8/19/23,LS,T84,R,0,14,N/A,G,G,N/A,N/A,12,SG,9:42,9:54,10:02,8,12.8,AES-9,74,3.5,Y,,
T84_08_19_2023,4,DS,8/19/23,LS,T84,L,6,14,N/A,G,G,N/A,14-Jun,12,SG,9:42,9:54,10:02,8,12.8,AES-9,74,3.5,Y,,
T84_08_19_2023,5,DS,8/19/23,LS,T84,R,0,14,N/A,P,P,N/A,Fail - Disregard,12,SG,9:42,9:54,10:02,8,12.8,AES-9,74,3.5,Y,,
T84_08_19_2023,6,DS,8/19/23,LS,T84,L,0,14,N/A,F,P,N/A,N/A,12,SG,9:42,9:54,10:02,8,12.8,AES-9,74,3.5,Y,,
T84_08_19_2023,7,DS,8/19/23,LS,T84,R,5,14,N/A,G,G,N/A,14-May,12,SG,9:42,9:54,10:02,8,12.8,AES-9,74,3.5,Y,,
T84_08_19_2023,8,DS,8/19/23,LS,T84,L,5,14,N/A,G,G,N/A,14-May,12,SG,9:42,9:54,10:02,8,12.8,AES-9,74,3.5,Y,,
T85_08_19_2023,1,DS,8/19/23,VS,T85,R,0,14,N/A,G,G,N/A,great; bulging left eye,12,SG,10:11,10:21,10:30,9,12.6,AES-10,77,3.7,Y,,
T85_08_19_2023,2,DS,8/19/23,VS,T85,L,0,14,N/A,F,P,N/A,N/A,12,SG,10:11,10:21,10:30,9,12.6,AES-10,77,3.7,Y,,
T85_08_19_2023,3,DS,8/19/23,VS,T85,R,0,14,N/A,G,G,N/A,great,12,SG,10:11,10:21,10:30,9,12.6,AES-10,77,3.7,Y,,
T85_08_19_2023,4,DS,8/19/23,VS,T85,L,6,14,N/A,G,G,N/A,14-Jun,12,SG,10:11,10:21,10:30,9,12.6,AES-10,77,3.7,Y,,
T85_08_19_2023,5,DS,8/19/23,VS,T85,R,0,14,N/A,P,P,N/A,fail - Disregard,12,SG,10:11,10:21,10:30,9,12.6,AES-10,77,3.7,Y,,
T85_08_19_2023,6,DS,8/19/23,VS,T85,L,0,14,N/A,F,P,N/A,N/A,12,SG,10:11,10:21,10:30,9,12.6,AES-10,77,3.7,Y,,
T85_08_19_2023,7,DS,8/19/23,VS,T85,L,0,14,N/A,G,G,N/A,N/A,12,SG,10:11,10:21,10:30,9,12.6,AES-10,77,3.7,Y,,
T85_08_19_2023,8,DS,8/19/23,VS,T85,R,0,11,12,G,G,N/A,0-11,12,SG,10:11,10:21,10:30,9,12.6,AES-10,77,3.7,Y,,
T86_08_19_2023,1,DS,8/19/23,LT,T86,L,5,14,N/A,G,G,N/A,5-14; missed 10-12,12,SG,10:31,10:43,10:53,10,12.8,AES-11,88,5.5,Y,038C,
T86_08_19_2023,2,DS,8/19/23,LT,T86,R,0,14,N/A,G,G,N/A,N/A,12,SG,10:31,10:43,10:53,10,12.8,AES-11,88,5.5,Y,038C,
T86_08_19_2023,3,DS,8/19/23,LT,T86,L,0,14,N/A,G,G,N/A,N/A,12,SG,10:31,10:43,10:53,10,12.8,AES-11,88,5.5,Y,038C,
T86_08_19_2023,4,DS,8/19/23,LT,T86,R,2,14,N/A,G,G,N/A,14-Feb,12,SG,10:31,10:43,10:53,10,12.8,AES-11,88,5.5,Y,038C,
T86_08_19_2023,5,DS,8/19/23,LT,T86,L,0,14,N/A,P,P,N/A,N/A,12,SG,10:31,10:43,10:53,10,12.8,AES-11,88,5.5,Y,038C,
T86_08_19_2023,6,DS,8/19/23,LT,T86,R,0,14,N/A,P,P,N/A,N/A,12,SG,10:31,10:43,10:53,10,12.8,AES-11,88,5.5,Y,038C,
T86_08_19_2023,7,DS,8/19/23,LT,T86,L,0,14,N/A,G,G,1,N/A,12,SG,10:31,10:43,10:53,10,12.8,AES-11,88,5.5,Y,038C,
T86_08_19_2023,8,DS,8/19/23,LT,T86,R,0,14,N/A,F,P,N/A,N/A,12,SG,10:31,10:43,10:53,10,12.8,AES-11,88,5.5,Y,038C,
T87_08_19_2023,1,DS,8/19/23,VS,T87,L,0,14,N/A,G,G,N/A,laser 13 malfunction,12,SG,10:53,11:08,11:19,11,12.7,AES-6,82,4.3,Y,,
T87_08_19_2023,2,DS,8/19/23,VS,T87,R,0,N/A,N/A,N/A,N/A,N/A,Fail - disregard,12,SG,10:53,11:08,11:19,11,12.7,AES-6,82,4.3,Y,,
T87_08_19_2023,3,DS,8/19/23,VS,T87,R,0,14,N/A,F,G,N/A,N/A,12,SG,10:53,11:08,11:19,11,12.7,AES-6,82,4.3,Y,,
T87_08_19_2023,4,DS,8/19/23,VS,T87,L,0,14,N/A,G,G,N/A,missed 13,12,SG,10:53,11:08,11:19,11,12.7,AES-6,82,4.3,Y,,
T87_08_19_2023,5,DS,8/19/23,VS,T87,R,0,12,13,G,G,N/A,0-12,12,SG,10:53,11:08,11:19,11,12.7,AES-6,82,4.3,Y,,
T87_08_19_2023,6,DS,8/19/23,VS,T87,L,0,14,N/A,F,P,1,N/A,12,SG,10:53,11:08,11:19,11,12.7,AES-6,82,4.3,Y,,
T87_08_19_2023,7,DS,8/19/23,VS,T87,R,0,14,N/A,P,P,N/A,N/A,12,SG,10:53,11:08,11:19,11,12.7,AES-6,82,4.3,Y,,
T87_08_19_2023,8,DS,8/19/23,VS,T87,L,0,11,12,G,G,N/A,"laser 13 failure, 0-11",12,SG,10:53,11:08,11:19,11,12.7,AES-6,82,4.3,Y,,
T88_08_19_2023,1,DS,8/19/23,FC,T88,L,5,14,N/A,G,P,N/A,14-May,12,SG,11:20,11:30,11:41,11,13.1,AES-7,84,4.1,,,
T88_08_19_2023,2,DS,8/19/23,FC,T88,R,0,14,N/A,G,G,N/A,N/A,12,SG,11:20,11:30,11:41,11,13.1,AES-7,84,4.1,,,
T88_08_19_2023,3,DS,8/19/23,FC,T88,L,0,14,N/A,F,F,N/A,N/A,12,SG,11:20,11:30,11:41,11,13.1,AES-7,84,4.1,,,
T88_08_19_2023,4,DS,8/19/23,FC,T88,R,0,14,N/A,F,P,N/A,N/A,12,SG,11:20,11:30,11:41,11,13.1,AES-7,84,4.1,,,
T88_08_19_2023,5,DS,8/19/23,FC,T88,L,0,14,N/A,G,G,1,N/A,12,SG,11:20,11:30,11:41,11,13.1,AES-7,84,4.1,,,
T88_08_19_2023,6,DS,8/19/23,FC,T88,R,0,14,N/A,P,P,N/A,Fail - disregard,12,SG,11:20,11:30,11:41,11,13.1,AES-7,84,4.1,,,
T88_08_19_2023,7,DS,8/19/23,FC,T88,R,2,9,N/A,G,G,1,9-Feb,12,SG,11:20,11:30,11:41,11,13.1,AES-7,84,4.1,,,
T88_08_19_2023,8,DS,8/19/23,FC,T88,L,0,14,N/A,F,F,N/A,N/A,12,SG,11:20,11:30,11:41,11,13.1,AES-7,84,4.1,,,
T88_08_19_2023,9,DS,8/19/23,FC,T88,R,0,14,N/A,F,G,N/A,N/A,12,SG,11:20,11:30,11:41,11,13.1,AES-7,84,4.1,,,
T89_08_19_2023,1,DS,8/19/23,LT,T89,L,0,14,N/A,G,G,1,N/A,12,SG,11:50,12:00,12:12,12,12.9,AES-11,85,4.1,,011B,
T89_08_19_2023,2,DS,8/19/23,LT,T89,R,5,14,N/A,G,G,N/A,14-May,12,SG,11:50,12:00,12:12,12,12.9,AES-11,85,4.1,,011B,
T89_08_19_2023,3,DS,8/19/23,LT,T89,L,0,8,9,G,P,N/A,0-8,12,SG,11:50,12:00,12:12,12,12.9,AES-11,85,4.1,,011B,
T89_08_19_2023,4,DS,8/19/23,LT,T89,R,9,14,N/A,G,P,N/A,14-Sep,12,SG,11:50,12:00,12:12,12,12.9,AES-11,85,4.1,,011B,
T89_08_19_2023,5,DS,8/19/23,LT,T89,L,0,14,N/A,P,P,N/A,Fail - disregard,12,SG,11:50,12:00,12:12,12,12.9,AES-11,85,4.1,,011B,
T89_08_19_2023,6,DS,8/19/23,LT,T89,R,4,14,N/A,G,G,N/A,14-Apr,12,SG,11:50,12:00,12:12,12,12.9,AES-11,85,4.1,,011B,
T89_08_19_2023,7,DS,8/19/23,LT,T89,L,0,14,N/A,P,P,N/A,N/A,12,SG,11:50,12:00,12:12,12,12.9,AES-11,85,4.1,,011B,
T89_08_19_2023,8,DS,8/19/23,LT,T89,L,0,14,N/A,F,P,N/A,N/A,12,SG,11:50,12:00,12:12,12,12.9,AES-11,85,4.1,,011B,
T90_08_19_2023,1,DS,8/19/23,VT,T90,L,0,14,N/A,G,G,N/A,N/A,12,SG,12:12,12:26,12:33,7,13,AES-12,91,6,,0304,
T90_08_19_2023,2,DS,8/19/23,VT,T90,R,2,14,N/A,G,G,N/A,14-Feb,12,SG,12:12,12:26,12:33,7,13,AES-12,91,6,,0304,
T90_08_19_2023,3,DS,8/19/23,VT,T90,L,0,14,N/A,G,G,N/A,"missed 6, 7",12,SG,12:12,12:26,12:33,7,13,AES-12,91,6,,0304,
T90_08_19_2023,4,DS,8/19/23,VT,T90,R,0,5,N/A,P,P,N/A,Fail,12,SG,12:12,12:26,12:33,7,13,AES-12,91,6,,0304,
T90_08_19_2023,5,DS,8/19/23,VT,T90,R,0,14,N/A,P,F,N/A,N/A,12,SG,12:12,12:26,12:33,7,13,AES-12,91,6,,0304,
T90_08_19_2023,6,DS,8/19/23,VT,T90,L,0,14,N/A,P,P,N/A,N/A,12,SG,12:12,12:26,12:33,7,13,AES-12,91,6,,0304,
T90_08_19_2023,7,DS,8/19/23,VT,T90,R,2,10,11,G,G,N/A,10-Feb,12,SG,12:12,12:26,12:33,7,13,AES-12,91,6,,0304,
T90_08_19_2023,8,DS,8/19/23,VT,T90,L,0,14,N/A,P,G,N/A,N/A,12,SG,12:12,12:26,12:33,7,13,AES-12,91,6,,0304,
T91_08_19_2023,1,DS,8/19/23,HC,T91,R,2,9,10,G,G,1,"2-9; missed 0, 1",12,SG,14:52,15:02,15:11,9,13,AES-8,76,3,,,
T91_08_19_2023,2,DS,8/19/23,HC,T91,R,0,14,N/A,F,P,N/A,N/A,12,SG,14:52,15:02,15:11,9,13,AES-8,76,3,,,
T91_08_19_2023,3,DS,8/19/23,HC,T91,L,0,14,N/A,F,P,N/A,N/A,12,SG,14:52,15:02,15:11,9,13,AES-8,76,3,,,
T91_08_19_2023,4,DS,8/19/23,HC,T91,R,1,14,N/A,G,G,1,"1-14; missed 0, 5",12,SG,14:52,15:02,15:11,9,13,AES-8,76,3,,,
T91_08_19_2023,5,DS,8/19/23,HC,T91,L,0,14,N/A,G,G,N/A,missed 13,12,SG,14:52,15:02,15:11,9,13,AES-8,76,3,,,
T91_08_19_2023,6,DS,8/19/23,HC,T91,R,0,14,N/A,F,P,N/A,N/A,12,SG,14:52,15:02,15:11,9,13,AES-8,76,3,,,
T91_08_19_2023,7,DS,8/19/23,HC,T91,L,0,14,N/A,F,P,N/A,N/A,12,SG,14:52,15:02,15:11,9,13,AES-8,76,3,,,
T91_08_19_2023,8,DS,8/19/23,HC,T91,R,5,14,N/A,G,G,2,14-May,12,SG,14:52,15:02,15:11,9,13,AES-8,76,3,,,
T92_08_19_2023,1,DS,8/19/23,LS,T92,R,0,14,N/A,F,P,N/A,N/A,12,SG,15:11,15:21,15:30,9,12.9,AES-9,83,3.8,,,
T92_08_19_2023,2,DS,8/19/23,LS,T92,L,4,14,N/A,G,G,3,14-Apr,12,SG,15:11,15:21,15:30,9,12.9,AES-9,83,3.8,,,
T92_08_19_2023,3,DS,8/19/23,LS,T92,R,4,14,N/A,G,G,2,14-Apr,12,SG,15:11,15:21,15:30,9,12.9,AES-9,83,3.8,,,
T92_08_19_2023,4,DS,8/19/23,LS,T92,L,0,14,N/A,G,G,N/A,N/A,12,SG,15:11,15:21,15:30,9,12.9,AES-9,83,3.8,,,
T92_08_19_2023,5,DS,8/19/23,LS,T92,L,0,14,N/A,G,G,N/A,"missed 5, 6, 7",12,SG,15:11,15:21,15:30,9,12.9,AES-9,83,3.8,,,
T92_08_19_2023,6,DS,8/19/23,LS,T92,R,0,14,8,G,P,N/A,N/A,12,SG,15:11,15:21,15:30,9,12.9,AES-9,83,3.8,,,
T92_08_19_2023,7,DS,8/19/23,LS,T92,L,0,14,N/A,F,P,N/A,N/A,12,SG,15:11,15:21,15:30,9,12.9,AES-9,83,3.8,,,
T92_08_19_2023,8,DS,8/19/23,LS,T92,R,5,14,N/A,G,F,N/A,14-May,12,SG,15:11,15:21,15:30,9,12.9,AES-9,83,3.8,,,
T93_08_19_2023,1,DS,8/19/23,VS,T93,L,5,14,N/A,G,F,N/A,14-May,12,SG,15:30,15:40,15:47,7,12.6,AES-10,83,4,,,
T93_08_19_2023,2,DS,8/19/23,VS,T93,L,0,14,N/A,G,G,N/A,N/A,12,SG,15:30,15:40,15:47,7,12.6,AES-10,83,4,,,
T93_08_19_2023,3,DS,8/19/23,VS,T93,R,0,14,N/A,F,F,N/A,N/A,12,SG,15:30,15:40,15:47,7,12.6,AES-10,83,4,,,
T93_08_19_2023,4,DS,8/19/23,VS,T93,L,0,14,N/A,G,G,N/A,N/A,12,SG,15:30,15:40,15:47,7,12.6,AES-10,83,4,,,
T93_08_19_2023,5,DS,8/19/23,VS,T93,R,0,14,N/A,F,P,N/A,N/A,12,SG,15:30,15:40,15:47,7,12.6,AES-10,83,4,,,
T93_08_19_2023,6,DS,8/19/23,VS,T93,L,0,14,N/A,G,G,1,N/A,12,SG,15:30,15:40,15:47,7,12.6,AES-10,83,4,,,
T93_08_19_2023,7,DS,8/19/23,VS,T93,R,7,14,5,G,F,N/A,14-Jul,12,SG,15:30,15:40,15:47,7,12.6,AES-10,83,4,,,
T93_08_19_2023,8,DS,8/19/23,VS,T93,L,0,14,N/A,G,G,N/A,"missed 2,12; malfunction with laser 13",12,SG,15:30,15:40,15:47,7,12.6,AES-10,83,4,,,
T94_08_19_2023,1,DS,8/19/23,VT,T94,L,3,14,N/A,G,G,N/A,14-Mar,12,SG,15:48,15:58,16:06,8,12.6,AES-12,80,3.9,,06D0,
T94_08_19_2023,2,DS,8/19/23,VT,T94,R,0,12,N/A,G,G,N/A,"0-12, MISSED 3-5 & 7-9 DUE TO JUMPED TWICE",12,SG,15:48,15:58,16:06,8,12.6,AES-12,80,3.9,,06D0,
T94_08_19_2023,3,DS,8/19/23,VT,T94,R,0,7,N/A,P,P,N/A,N/A,12,SG,15:48,15:58,16:06,8,12.6,AES-12,80,3.9,,06D0,
T94_08_19_2023,4,DS,8/19/23,VT,T94,R,0,14,N/A,P,P,N/A,N/A,12,SG,15:48,15:58,16:06,8,12.6,AES-12,80,3.9,,06D0,
T94_08_19_2023,5,DS,8/19/23,VT,T94,L,0,9,10,G,P,N/A,0-9,12,SG,15:48,15:58,16:06,8,12.6,AES-12,80,3.9,,06D0,
T94_08_19_2023,6,DS,8/19/23,VT,T94,R,2,14,N/A,G,G,N/A,14-Feb,12,SG,15:48,15:58,16:06,8,12.6,AES-12,80,3.9,,06D0,
T94_08_19_2023,7,DS,8/19/23,VT,T94,L,0,14,N/A,G,G,N/A,N/A,12,SG,15:48,15:58,16:06,8,12.6,AES-12,80,3.9,,06D0,
T94_08_19_2023,8,DS,8/19/23,VT,T94,R,0,14,N/A,F,F,N/A,N/A,12,SG,15:48,15:58,16:06,8,12.6,AES-12,80,3.9,,06D0,
T95_08_19_2023,1,DS,8/19/23,LT,T95,R,0,14,N/A,G,G,N/A,N/A,12,SG,16:06,16:16,16:24,8,12.8,AES-11,74,3.2,,02BE,
T95_08_19_2023,2,DS,8/19/23,LT,T95,L,0,14,N/A,G,G,N/A,N/A,12,SG,16:06,16:16,16:24,8,12.8,AES-11,74,3.2,,02BE,
T95_08_19_2023,3,DS,8/19/23,LT,T95,R,0,14,N/A,P,F,N/A,N/A,12,SG,16:06,16:16,16:24,8,12.8,AES-11,74,3.2,,02BE,
T95_08_19_2023,4,DS,8/19/23,LT,T95,L,0,N/A,N/A,P,P,N/A,FAIL - DISREGARD,12,SG,16:06,16:16,16:24,8,12.8,AES-11,74,3.2,,02BE,
T95_08_19_2023,5,DS,8/19/23,LT,T95,R,6,14,N/A,G,G,N/A,14-Jun,12,SG,16:06,16:16,16:24,8,12.8,AES-11,74,3.2,,02BE,
T95_08_19_2023,6,DS,8/19/23,LT,T95,L,0,14,N/A,G,P,N/A,N/A,12,SG,16:06,16:16,16:24,8,12.8,AES-11,74,3.2,,02BE,
T95_08_19_2023,7,DS,8/19/23,LT,T95,R,0,14,N/A,P,P,N/A,N/A,12,SG,16:06,16:16,16:24,8,12.8,AES-11,74,3.2,,02BE,
T95_08_19_2023,8,DS,8/19/23,LT,T95,L,0,14,N/A,G,G,N/A,MISSED 2,12,SG,16:06,16:16,16:24,8,12.8,AES-11,74,3.2,,02BE,
T96_08_19_2023,1,DS,8/19/23,FC,T96,L,0,14,N/A,P,P,N/A,N/A,12,SG,16:28,16:38,16:50,12,13,AES-7,74,3.3,,,
T96_08_19_2023,2,DS,8/19/23,FC,T96,R,6,14,N/A,G,G,N/A,"MISSED 12, GOOD 6-14",12,SG,16:28,16:38,16:50,12,13,AES-7,74,3.3,,,
T96_08_19_2023,3,DS,8/19/23,FC,T96,L,0,14,N/A,F,P,N/A,N/A,12,SG,16:28,16:38,16:50,12,13,AES-7,74,3.3,,,
T96_08_19_2023,4,DS,8/19/23,FC,T96,R,0,14,N/A,P,F,N/A,N/A,12,SG,16:28,16:38,16:50,12,13,AES-7,74,3.3,,,
T96_08_19_2023,5,DS,8/19/23,FC,T96,L,0,14,N/A,P,P,1,N/A,12,SG,16:28,16:38,16:50,12,13,AES-7,74,3.3,,,
T96_08_19_2023,6,DS,8/19/23,FC,T96,R,7,14,N/A,G,G,N/A,14-Jul,12,SG,16:28,16:38,16:50,12,13,AES-7,74,3.3,,,
T96_08_19_2023,7,DS,8/19/23,FC,T96,L,0,14,N/A,F,P,1,N/A,12,SG,16:28,16:38,16:50,12,13,AES-7,74,3.3,,,
T96_08_19_2023,8,DS,8/19/23,FC,T96,R,0,14,N/A,F,F,N/A,N/A,12,SG,16:28,16:38,16:50,12,13,AES-7,74,3.3,,,
T96_08_19_2023,9,DS,8/19/23,FC,T96,L,0,14,N/A,P,P,N/A,N/A,12,SG,16:28,16:38,16:50,12,13,AES-7,74,3.3,,,
T96_08_19_2023,10,DS,8/19/23,FC,T96,R,5,14,N/A,G,G,1,14-May,12,SG,16:28,16:38,16:50,12,13,AES-7,74,3.3,,,
T96_08_19_2023,11,DS,8/19/23,FC,T96,L,0,14,N/A,F,F,N/A,N/A,12,SG,16:28,16:38,16:50,12,13,AES-7,74,3.3,,,