raspPI_filestart,spp,hatchdate,f_status,tagdate,staff,trialdate,accstart,trialstart,trialend,tunneltemp,tagID,treatment,trialID,holdingtank,fl_mm,mass_g,sex,burstnumb,startside,burstFrom,burstTo,stalledAt,burstQual,stimQual,nFalseStart,Notes
T01_DSExp3_12_18_2023,DS,1/1/23,16,12/11/23,"SG,KK",12/18/23,9:49:00,9:59:00,10:10:00,13.1,034C,LT,t01,8,68,2.1,F,1,R,9,14,,G,G,,
T01_DSExp3_12_18_2023,DS,1/1/23,16,12/11/23,"SG,KK",12/18/23,9:49:00,9:59:00,10:10:00,13.1,034C,LT,t01,8,68,2.1,F,2,L,4,10,,G,G,1,
T01_DSExp3_12_18_2023,DS,1/1/23,16,12/11/23,"SG,KK",12/18/23,9:49:00,9:59:00,10:10:00,13.1,034C,LT,t01,8,68,2.1,F,3,R,0,14,,G,G,,
T01_DSExp3_12_18_2023,DS,1/1/23,16,12/11/23,"SG,KK",12/18/23,9:49:00,9:59:00,10:10:00,13.1,034C,LT,t01,8,68,2.1,F,4,L,0,14,,G,G,1,"missed 6,7,8"
T01_DSExp3_12_18_2023,DS,1/1/23,16,12/11/23,"SG,KK",12/18/23,9:49:00,9:59:00,10:10:00,13.1,034C,LT,t01,8,68,2.1,F,5,R,0,14,,F,F,,
T01_DSExp3_12_18_2023,DS,1/1/23,16,12/11/23,"SG,KK",12/18/23,9:49:00,9:59:00,10:10:00,13.1,034C,LT,t01,8,68,2.1,F,6,L,0,14,,P,P,,
T01_DSExp3_12_18_2023,DS,1/1/23,16,12/11/23,"SG,KK",12/18/23,9:49:00,9:59:00,10:10:00,13.1,034C,LT,t01,8,68,2.1,F,7,R,9,14,,G,G,,
T01_DSExp3_12_18_2023,DS,1/1/23,16,12/11/23,"SG,KK",12/18/23,9:49:00,9:59:00,10:10:00,13.1,034C,LT,t01,8,68,2.1,F,8,L,0,14,,P,P,1,laser malfunction
T01_DSExp3_12_18_2023,DS,1/1/23,16,12/11/23,"SG,KK",12/18/23,9:49:00,9:59:00,10:10:00,13.1,034C,LT,t01,8,68,2.1,F,9,L,0,14,,P,P,,
T02_DSExp3_12_18_2023,DS,1/1/23,16,12/11/23,"SG,KK",12/18/23,10:11:00,10:21:00,10:32:00,13.3,05DD,VT,t02,9,75,3.05,F,1,L,0,14,,P,P,2,
T02_DSExp3_12_18_2023,DS,1/1/23,16,12/11/23,"SG,KK",12/18/23,10:11:00,10:21:00,10:32:00,13.3,05DD,VT,t02,9,75,3.05,F,2,R,0,14,,P,P,1,
T02_DSExp3_12_18_2023,DS,1/1/23,16,12/11/23,"SG,KK",12/18/23,10:11:00,10:21:00,10:32:00,13.3,05DD,VT,t02,9,75,3.05,F,3,L,5,14,,G,G,,
T02_DSExp3_12_18_2023,DS,1/1/23,16,12/11/23,"SG,KK",12/18/23,10:11:00,10:21:00,10:32:00,13.3,05DD,VT,t02,9,75,3.05,F,4,R,0,14,,P,P,,"slightly LOE, laser malfunction"
T02_DSExp3_12_18_2023,DS,1/1/23,16,12/11/23,"SG,KK",12/18/23,10:11:00,10:21:00,10:32:00,13.3,05DD,VT,t02,9,75,3.05,F,5,L,0,14,,P,P,,
T02_DSExp3_12_18_2023,DS,1/1/23,16,12/11/23,"SG,KK",12/18/23,10:11:00,10:21:00,10:32:00,13.3,05DD,VT,t02,9,75,3.05,F,6,R,0,14,,P,P,,
T02_DSExp3_12_18_2023,DS,1/1/23,16,12/11/23,"SG,KK",12/18/23,10:11:00,10:21:00,10:32:00,13.3,05DD,VT,t02,9,75,3.05,F,7,L,7,14,,G,G,,
T02_DSExp3_12_18_2023,DS,1/1/23,16,12/11/23,"SG,KK",12/18/23,10:11:00,10:21:00,10:32:00,13.3,05DD,VT,t02,9,75,3.05,F,8,R,0,14,,P,P,,
T02_DSExp3_12_18_2023,DS,1/1/23,16,12/11/23,"SG,KK",12/18/23,10:11:00,10:21:00,10:32:00,13.3,05DD,VT,t02,9,75,3.05,F,9,L,0,14,,P,P,,laser malfunction
T02_DSExp3_12_18_2023,DS,1/1/23,16,12/11/23,"SG,KK",12/18/23,10:11:00,10:21:00,10:32:00,13.3,05DD,VT,t02,9,75,3.05,F,10,R,0,14,,G,G,,
T03_DSExp3_12_18_2023,DS,1/1/23,16,12/11/23,"SG,KK",12/18/23,10:33:00,10:43:00,10:51:00,13,013D,VT,t03,9,72,2.52,M,1,L,0,14,,P,P,,"FAIL, DISREGARD"
T03_DSExp3_12_18_2023,DS,1/1/23,16,12/11/23,"SG,KK",12/18/23,10:33:00,10:43:00,10:51:00,13,013D,VT,t03,9,72,2.52,M,2,L,5,14,,G,G,,
T03_DSExp3_12_18_2023,DS,1/1/23,16,12/11/23,"SG,KK",12/18/23,10:33:00,10:43:00,10:51:00,13,013D,VT,t03,9,72,2.52,M,3,R,3,9,,G,G,1,
T03_DSExp3_12_18_2023,DS,1/1/23,16,12/11/23,"SG,KK",12/18/23,10:33:00,10:43:00,10:51:00,13,013D,VT,t03,9,72,2.52,M,4,L,0,14,,P,P,,
T03_DSExp3_12_18_2023,DS,1/1/23,16,12/11/23,"SG,KK",12/18/23,10:33:00,10:43:00,10:51:00,13,013D,VT,t03,9,72,2.52,M,5,R,2,14,,G,P,1,
T03_DSExp3_12_18_2023,DS,1/1/23,16,12/11/23,"SG,KK",12/18/23,10:33:00,10:43:00,10:51:00,13,013D,VT,t03,9,72,2.52,M,6,L,0,14,,F,G,,
T03_DSExp3_12_18_2023,DS,1/1/23,16,12/11/23,"SG,KK",12/18/23,10:33:00,10:43:00,10:51:00,13,013D,VT,t03,9,72,2.52,M,7,L,10,14,,G,G,,
T03_DSExp3_12_18_2023,DS,1/1/23,16,12/11/23,"SG,KK",12/18/23,10:33:00,10:43:00,10:51:00,13,013D,VT,t03,9,72,2.52,M,8,R,6,10,,G,G,,
T04_DSExp3_12_18_2023,DS,1/1/23,16,12/11/23,"SG,KK",12/18/23,10:52:00,11:02:00,11:12:00,13,NA,FC,t04,7,71,2.24,M,1,R,6,12,,G,G,,
T04_DSExp3_12_18_2023,DS,1/1/23,16,12/11/23,"SG,KK",12/18/23,10:52:00,11:02:00,11:12:00,13,NA,FC,t04,7,71,2.24,M,2,L,0,14,,P,P,,"FAIL, DISREGARD"
T04_DSExp3_12_18_2023,DS,1/1/23,16,12/11/23,"SG,KK",12/18/23,10:52:00,11:02:00,11:12:00,13,NA,FC,t04,7,71,2.24,M,3,L,0,14,,P,P,,
T04_DSExp3_12_18_2023,DS,1/1/23,16,12/11/23,"SG,KK",12/18/23,10:52:00,11:02:00,11:12:00,13,NA,FC,t04,7,71,2.24,M,4,R,0,14,,F,G,,
T04_DSExp3_12_18_2023,DS,1/1/23,16,12/11/23,"SG,KK",12/18/23,10:52:00,11:02:00,11:12:00,13,NA,FC,t04,7,71,2.24,M,5,L,0,14,,G,G,,
T04_DSExp3_12_18_2023,DS,1/1/23,16,12/11/23,"SG,KK",12/18/23,10:52:00,11:02:00,11:12:00,13,NA,FC,t04,7,71,2.24,M,6,R,0,14,,P,P,1,
T04_DSExp3_12_18_2023,DS,1/1/23,16,12/11/23,"SG,KK",12/18/23,10:52:00,11:02:00,11:12:00,13,NA,FC,t04,7,71,2.24,M,7,L,0,14,,P,P,1,
T04_DSExp3_12_18_2023,DS,1/1/23,16,12/11/23,"SG,KK",12/18/23,10:52:00,11:02:00,11:12:00,13,NA,FC,t04,7,71,2.24,M,8,R,0,14,,P,P,,
T04_DSExp3_12_18_2023,DS,1/1/23,16,12/11/23,"SG,KK",12/18/23,10:52:00,11:02:00,11:12:00,13,NA,FC,t04,7,71,2.24,M,9,L,6,14,,G,G,1,
T04_DSExp3_12_18_2023,DS,1/1/23,16,12/11/23,"SG,KK",12/18/23,10:52:00,11:02:00,11:12:00,13,NA,FC,t04,7,71,2.24,M,10,R,0,14,,P,P,,
T05_DSExp3_12_18_2023,DS,1/1/23,16,12/11/23,"SG,KK",12/18/23,11:14:00,11:24:00,11:33:00,13,776,LT,t05,8,84,4.87,F,1,L,0,5,,G,G,,
T05_DSExp3_12_18_2023,DS,1/1/23,16,12/11/23,"SG,KK",12/18/23,11:14:00,11:24:00,11:33:00,13,776,LT,t05,8,84,4.87,F,2,R,5,14,,G,G,,
T05_DSExp3_12_18_2023,DS,1/1/23,16,12/11/23,"SG,KK",12/18/23,11:14:00,11:24:00,11:33:00,13,776,LT,t05,8,84,4.87,F,3,L,0,14,,G,G,,"MISSED 10,11,12"
T05_DSExp3_12_18_2023,DS,1/1/23,16,12/11/23,"SG,KK",12/18/23,11:14:00,11:24:00,11:33:00,13,776,LT,t05,8,84,4.87,F,4,L,0,14,,G,G,,"MISSED 10,11,12"
T05_DSExp3_12_18_2023,DS,1/1/23,16,12/11/23,"SG,KK",12/18/23,11:14:00,11:24:00,11:33:00,13,776,LT,t05,8,84,4.87,F,5,R,0,14,,G,G,,"JUMP, MISSED 5,6,7,8,9"
T05_DSExp3_12_18_2023,DS,1/1/23,16,12/11/23,"SG,KK",12/18/23,11:14:00,11:24:00,11:33:00,13,776,LT,t05,8,84,4.87,F,6,L,0,14,,G,G,,
T05_DSExp3_12_18_2023,DS,1/1/23,16,12/11/23,"SG,KK",12/18/23,11:14:00,11:24:00,11:33:00,13,776,LT,t05,8,84,4.87,F,7,R,0,14,,P,P,,
T05_DSExp3_12_18_2023,DS,1/1/23,16,12/11/23,"SG,KK",12/18/23,11:14:00,11:24:00,11:33:00,13,776,LT,t05,8,84,4.87,F,8,L,0,14,,P,P,,"FAIL, DIREGARD"
T06_DSExp3_12_18_2023,DS,1/1/23,16,12/11/23,"SG,KK",12/18/23,11:34:00,11:45:00,11:52:00,13,NA,FC,t06,7,79,3.71,F,1,L,0,14,,P,P,,
T06_DSExp3_12_18_2023,DS,1/1/23,16,12/11/23,"SG,KK",12/18/23,11:34:00,11:45:00,11:52:00,13,NA,FC,t06,7,79,3.71,F,2,R,0,14,,P,P,,"FAIL, DISREGARD"
T06_DSExp3_12_18_2023,DS,1/1/23,16,12/11/23,"SG,KK",12/18/23,11:34:00,11:45:00,11:52:00,13,NA,FC,t06,7,79,3.71,F,3,R,3,14,,G,G,,
T06_DSExp3_12_18_2023,DS,1/1/23,16,12/11/23,"SG,KK",12/18/23,11:34:00,11:45:00,11:52:00,13,NA,FC,t06,7,79,3.71,F,4,L,8,14,,G,G,,
T06_DSExp3_12_18_2023,DS,1/1/23,16,12/11/23,"SG,KK",12/18/23,11:34:00,11:45:00,11:52:00,13,NA,FC,t06,7,79,3.71,F,5,R,3,14,,G,G,,
T06_DSExp3_12_18_2023,DS,1/1/23,16,12/11/23,"SG,KK",12/18/23,11:34:00,11:45:00,11:52:00,13,NA,FC,t06,7,79,3.71,F,6,L,7,14,,G,G,,
T06_DSExp3_12_18_2023,DS,1/1/23,16,12/11/23,"SG,KK",12/18/23,11:34:00,11:45:00,11:52:00,13,NA,FC,t06,7,79,3.71,F,7,R,0,14,,P,P,1,
T06_DSExp3_12_18_2023,DS,1/1/23,16,12/11/23,"SG,KK",12/18/23,11:34:00,11:45:00,11:52:00,13,NA,FC,t06,7,79,3.71,F,8,L,0,14,,G,G,,
T07_DSExp3_12_18_2023,DS,1/1/23,16,12/11/23,"SG,KK",12/18/23,11:53:00,12:03:00,12:12:00,13,03D2,VT,t07,9,76,2.61,M,1,L,5,14,,G,G,,
T07_DSExp3_12_18_2023,DS,1/1/23,16,12/11/23,"SG,KK",12/18/23,11:53:00,12:03:00,12:12:00,13,03D2,VT,t07,9,76,2.61,M,2,R,0,14,,P,P,,
T07_DSExp3_12_18_2023,DS,1/1/23,16,12/11/23,"SG,KK",12/18/23,11:53:00,12:03:00,12:12:00,13,03D2,VT,t07,9,76,2.61,M,3,L,0,14,,G,G,,
T07_DSExp3_12_18_2023,DS,1/1/23,16,12/11/23,"SG,KK",12/18/23,11:53:00,12:03:00,12:12:00,13,03D2,VT,t07,9,76,2.61,M,4,R,0,14,,P,P,,
T07_DSExp3_12_18_2023,DS,1/1/23,16,12/11/23,"SG,KK",12/18/23,11:53:00,12:03:00,12:12:00,13,03D2,VT,t07,9,76,2.61,M,5,L,0,14,,F,P,,
T07_DSExp3_12_18_2023,DS,1/1/23,16,12/11/23,"SG,KK",12/18/23,11:53:00,12:03:00,12:12:00,13,03D2,VT,t07,9,76,2.61,M,6,R,0,14,,P,P,,
T07_DSExp3_12_18_2023,DS,1/1/23,16,12/11/23,"SG,KK",12/18/23,11:53:00,12:03:00,12:12:00,13,03D2,VT,t07,9,76,2.61,M,7,L,6,14,,G,G,,"MISSED 9, 10, 11, 12"
T07_DSExp3_12_18_2023,DS,1/1/23,16,12/11/23,"SG,KK",12/18/23,11:53:00,12:03:00,12:12:00,13,03D2,VT,t07,9,76,2.61,M,8,R,11,14,,G,G,1,
T07_DSExp3_12_18_2023,DS,1/1/23,16,12/11/23,"SG,KK",12/18/23,11:53:00,12:03:00,12:12:00,13,03D2,VT,t07,9,76,2.61,M,9,L,9,14,,G,G,,
T08_DSExp3_12_18_2023,DS,1/1/23,16,12/11/23,"SG,KK",12/18/23,12:14:00,12:24:00,12:32:00,12.9,158,LT,t08,8,80,2.89,M,1,L,0,14,,P,P,,"FAIL, DISREGARD"
T08_DSExp3_12_18_2023,DS,1/1/23,16,12/11/23,"SG,KK",12/18/23,12:14:00,12:24:00,12:32:00,12.9,158,LT,t08,8,80,2.89,M,2,L,0,14,,P,P,,
T08_DSExp3_12_18_2023,DS,1/1/23,16,12/11/23,"SG,KK",12/18/23,12:14:00,12:24:00,12:32:00,12.9,158,LT,t08,8,80,2.89,M,3,L,6,14,,G,F,,
T08_DSExp3_12_18_2023,DS,1/1/23,16,12/11/23,"SG,KK",12/18/23,12:14:00,12:24:00,12:32:00,12.9,158,LT,t08,8,80,2.89,M,4,R,0,14,,P,P,,
T08_DSExp3_12_18_2023,DS,1/1/23,16,12/11/23,"SG,KK",12/18/23,12:14:00,12:24:00,12:32:00,12.9,158,LT,t08,8,80,2.89,M,5,L,0,14,,P,G,,FISH NOT PARTICIPATING
T08_DSExp3_12_18_2023,DS,1/1/23,16,12/11/23,"SG,KK",12/18/23,12:14:00,12:24:00,12:32:00,12.9,158,LT,t08,8,80,2.89,M,6,R,5,12,,G,G,1,
T08_DSExp3_12_18_2023,DS,1/1/23,16,12/11/23,"SG,KK",12/18/23,12:14:00,12:24:00,12:32:00,12.9,158,LT,t08,8,80,2.89,M,7,L,0,14,,P,P,,"FAIL, DISREGARD"
T08_DSExp3_12_18_2023,DS,1/1/23,16,12/11/23,"SG,KK",12/18/23,12:14:00,12:24:00,12:32:00,12.9,158,LT,t08,8,80,2.89,M,8,L,2,6,,F,P,,
T08_DSExp3_12_18_2023,DS,1/1/23,16,12/11/23,"SG,KK",12/18/23,12:14:00,12:24:00,12:32:00,12.9,158,LT,t08,8,80,2.89,M,9,R,8,14,,G,G,,
T08_DSExp3_12_18_2023,DS,1/1/23,16,12/11/23,"SG,KK",12/18/23,12:14:00,12:24:00,12:32:00,12.9,158,LT,t08,8,80,2.89,M,10,L,0,14,,P,P,,"FAIL, DISREGARD"
T08_DSExp3_12_18_2023,DS,1/1/23,16,12/11/23,"SG,KK",12/18/23,12:14:00,12:24:00,12:32:00,12.9,158,LT,t08,8,80,2.89,M,11,R,0,9,,G,G,,
T09_DSExp3_12_18_2023,DS,1/1/23,16,12/11/23,"SG,KK",12/18/23,12:59:00,13:10:00,13:16:00,13,NA,FC,t09,7,69,1.92,M,1,L,0,6,,G,G,,
T09_DSExp3_12_18_2023,DS,1/1/23,16,12/11/23,"SG,KK",12/18/23,12:59:00,13:10:00,13:16:00,13,NA,FC,t09,7,69,1.92,M,2,R,2,13,,G,G,,MISSED 4-9
T09_DSExp3_12_18_2023,DS,1/1/23,16,12/11/23,"SG,KK",12/18/23,12:59:00,13:10:00,13:16:00,13,NA,FC,t09,7,69,1.92,M,3,L,0,14,,G,P,,
T09_DSExp3_12_18_2023,DS,1/1/23,16,12/11/23,"SG,KK",12/18/23,12:59:00,13:10:00,13:16:00,13,NA,FC,t09,7,69,1.92,M,4,R,0,14,,P,P,,
T09_DSExp3_12_18_2023,DS,1/1/23,16,12/11/23,"SG,KK",12/18/23,12:59:00,13:10:00,13:16:00,13,NA,FC,t09,7,69,1.92,M,5,L,3,14,,G,G,,
T09_DSExp3_12_18_2023,DS,1/1/23,16,12/11/23,"SG,KK",12/18/23,12:59:00,13:10:00,13:16:00,13,NA,FC,t09,7,69,1.92,M,6,R,6,14,,G,G,,"JUMP, MISSED 0-4"
T09_DSExp3_12_18_2023,DS,1/1/23,16,12/11/23,"SG,KK",12/18/23,12:59:00,13:10:00,13:16:00,13,NA,FC,t09,7,69,1.92,M,7,L,0,14,,P,P,,
T09_DSExp3_12_18_2023,DS,1/1/23,16,12/11/23,"SG,KK",12/18/23,12:59:00,13:10:00,13:16:00,13,NA,FC,t09,7,69,1.92,M,8,R,0,14,,P,P,1,
T10_DSExp3_12_18_2023,DS,1/1/23,16,12/11/23,"SG,KK",12/18/23,13:18:00,13:28:00,13:36:00,12.3,229,LT,t10,8,68,2.16,M,1,L,2,14,,G,G,1,"AT SURFACE, MISSED MANY GATES"
T10_DSExp3_12_18_2023,DS,1/1/23,16,12/11/23,"SG,KK",12/18/23,13:18:00,13:28:00,13:36:00,12.3,229,LT,t10,8,68,2.16,M,2,R,0,14,,G,G,1,
T10_DSExp3_12_18_2023,DS,1/1/23,16,12/11/23,"SG,KK",12/18/23,13:18:00,13:28:00,13:36:00,12.3,229,LT,t10,8,68,2.16,M,3,L,7,14,,G,G,,
T10_DSExp3_12_18_2023,DS,1/1/23,16,12/11/23,"SG,KK",12/18/23,13:18:00,13:28:00,13:36:00,12.3,229,LT,t10,8,68,2.16,M,4,R,0,14,,G,G,,
T10_DSExp3_12_18_2023,DS,1/1/23,16,12/11/23,"SG,KK",12/18/23,13:18:00,13:28:00,13:36:00,12.3,229,LT,t10,8,68,2.16,M,5,L,0,14,,G,G,,"AT SURFACE, MISSED MANY GATES"
T10_DSExp3_12_18_2023,DS,1/1/23,16,12/11/23,"SG,KK",12/18/23,13:18:00,13:28:00,13:36:00,12.3,229,LT,t10,8,68,2.16,M,6,R,3,13,,G,G,,
T10_DSExp3_12_18_2023,DS,1/1/23,16,12/11/23,"SG,KK",12/18/23,13:18:00,13:28:00,13:36:00,12.3,229,LT,t10,8,68,2.16,M,7,L,0,14,,F,G,,
T10_DSExp3_12_18_2023,DS,1/1/23,16,12/11/23,"SG,KK",12/18/23,13:18:00,13:28:00,13:36:00,12.3,229,LT,t10,8,68,2.16,M,8,R,3,14,,G,G,,"AT SURFACE, MISSED MANY GATES"
T11_DSExp3_12_18_2023,DS,1/1/23,16,12/11/23,"SG,KK",12/18/23,13:37:00,13:47:00,13:54:00,12.7,035D,VT,t11,9,77,2.91,F,1,R,0,14,,P,P,,
T11_DSExp3_12_18_2023,DS,1/1/23,16,12/11/23,"SG,KK",12/18/23,13:37:00,13:47:00,13:54:00,12.7,035D,VT,t11,9,77,2.91,F,2,L,0,14,,P,P,,"FAIL, DISREGARD"
T11_DSExp3_12_18_2023,DS,1/1/23,16,12/11/23,"SG,KK",12/18/23,13:37:00,13:47:00,13:54:00,12.7,035D,VT,t11,9,77,2.91,F,3,R,8,14,,G,G,,
T11_DSExp3_12_18_2023,DS,1/1/23,16,12/11/23,"SG,KK",12/18/23,13:37:00,13:47:00,13:54:00,12.7,035D,VT,t11,9,77,2.91,F,4,L,0,14,,P,P,,
T11_DSExp3_12_18_2023,DS,1/1/23,16,12/11/23,"SG,KK",12/18/23,13:37:00,13:47:00,13:54:00,12.7,035D,VT,t11,9,77,2.91,F,5,R,0,14,,P,P,,"FAIL, DISREGARD"
T11_DSExp3_12_18_2023,DS,1/1/23,16,12/11/23,"SG,KK",12/18/23,13:37:00,13:47:00,13:54:00,12.7,035D,VT,t11,9,77,2.91,F,6,L,0,14,,P,P,,"FAIL, DISREGARD"
T11_DSExp3_12_18_2023,DS,1/1/23,16,12/11/23,"SG,KK",12/18/23,13:37:00,13:47:00,13:54:00,12.7,035D,VT,t11,9,77,2.91,F,7,R,7,14,,G,G,,
T11_DSExp3_12_18_2023,DS,1/1/23,16,12/11/23,"SG,KK",12/18/23,13:37:00,13:47:00,13:54:00,12.7,035D,VT,t11,9,77,2.91,F,8,L,0,14,,P,P,,"FAIL, DISREGARD"
T11_DSExp3_12_18_2023,DS,1/1/23,16,12/11/23,"SG,KK",12/18/23,13:37:00,13:47:00,13:54:00,12.7,035D,VT,t11,9,77,2.91,F,9,R,0,14,,G,G,,
T12_DSExp3_12_18_2023,DS,1/1/23,16,12/11/23,"SG,KK",12/18/23,13:56:00,14:06:00,14:12:00,13,NA,FC,t12,7,82,4.03,F,1,L,0,14,,P,G,,FISH NOT RESPONDING NORMALLY TO STIM
T12_DSExp3_12_18_2023,DS,1/1/23,16,12/11/23,"SG,KK",12/18/23,13:56:00,14:06:00,14:12:00,13,NA,FC,t12,7,82,4.03,F,2,R,2,14,,G,G,2,FISH NOT RESPONDING NORMALLY TO STIM
T12_DSExp3_12_18_2023,DS,1/1/23,16,12/11/23,"SG,KK",12/18/23,13:56:00,14:06:00,14:12:00,13,NA,FC,t12,7,82,4.03,F,3,L,0,14,,F,G,,FISH NOT RESPONDING NORMALLY TO STIM
T12_DSExp3_12_18_2023,DS,1/1/23,16,12/11/23,"SG,KK",12/18/23,13:56:00,14:06:00,14:12:00,13,NA,FC,t12,7,82,4.03,F,4,R,1,6,,G,G,,FISH NOT RESPONDING NORMALLY TO STIM
T12_DSExp3_12_18_2023,DS,1/1/23,16,12/11/23,"SG,KK",12/18/23,13:56:00,14:06:00,14:12:00,13,NA,FC,t12,7,82,4.03,F,5,L,0,14,,F,G,,FISH NOT RESPONDING NORMALLY TO STIM
T12_DSExp3_12_18_2023,DS,1/1/23,16,12/11/23,"SG,KK",12/18/23,13:56:00,14:06:00,14:12:00,13,NA,FC,t12,7,82,4.03,F,6,R,0,14,,G,G,,FISH NOT RESPONDING NORMALLY TO STIM
T12_DSExp3_12_18_2023,DS,1/1/23,16,12/11/23,"SG,KK",12/18/23,13:56:00,14:06:00,14:12:00,13,NA,FC,t12,7,82,4.03,F,7,L,0,14,,P,P,,FISH NOT RESPONDING NORMALLY TO STIM
T12_DSExp3_12_18_2023,DS,1/1/23,16,12/11/23,"SG,KK",12/18/23,13:56:00,14:06:00,14:12:00,13,NA,FC,t12,7,82,4.03,F,8,R,0,14,,G,G,,FISH NOT RESPONDING NORMALLY TO STIM
T13_DSExp3_12_18_2023,DS,1/1/23,16,12/11/23,"SG,KK",12/18/23,14:13:00,14:24:00,14:32:00,13.1,03DB,LT,t13,8,69,2.36,F,1,L,0,7,,G,G,,
T13_DSExp3_12_18_2023,DS,1/1/23,16,12/11/23,"SG,KK",12/18/23,14:13:00,14:24:00,14:32:00,13.1,03DB,LT,t13,8,69,2.36,F,2,R,0,14,,P,P,,
T13_DSExp3_12_18_2023,DS,1/1/23,16,12/11/23,"SG,KK",12/18/23,14:13:00,14:24:00,14:32:00,13.1,03DB,LT,t13,8,69,2.36,F,3,L,0,14,,G,G,,
T13_DSExp3_12_18_2023,DS,1/1/23,16,12/11/23,"SG,KK",12/18/23,14:13:00,14:24:00,14:32:00,13.1,03DB,LT,t13,8,69,2.36,F,4,R,7,14,,G,G,,
T13_DSExp3_12_18_2023,DS,1/1/23,16,12/11/23,"SG,KK",12/18/23,14:13:00,14:24:00,14:32:00,13.1,03DB,LT,t13,8,69,2.36,F,5,L,2,14,,G,G,,
T13_DSExp3_12_18_2023,DS,1/1/23,16,12/11/23,"SG,KK",12/18/23,14:13:00,14:24:00,14:32:00,13.1,03DB,LT,t13,8,69,2.36,F,6,R,0,14,,P,P,,"FAIL, DISREGARD"
T13_DSExp3_12_18_2023,DS,1/1/23,16,12/11/23,"SG,KK",12/18/23,14:13:00,14:24:00,14:32:00,13.1,03DB,LT,t13,8,69,2.36,F,7,L,0,14,,P,P,,
T13_DSExp3_12_18_2023,DS,1/1/23,16,12/11/23,"SG,KK",12/18/23,14:13:00,14:24:00,14:32:00,13.1,03DB,LT,t13,8,69,2.36,F,8,R,0,14,,P,P,,"FAIL, DISREGARD"
T13_DSExp3_12_18_2023,DS,1/1/23,16,12/11/23,"SG,KK",12/18/23,14:13:00,14:24:00,14:32:00,13.1,03DB,LT,t13,8,69,2.36,F,9,L,0,14,,P,P,,
T13_DSExp3_12_18_2023,DS,1/1/23,16,12/11/23,"SG,KK",12/18/23,14:13:00,14:24:00,14:32:00,13.1,03DB,LT,t13,8,69,2.36,F,10,R,2,14,,G,G,,MISSED MANY GATES
T14_DSExp3_12_18_2023,DS,1/1/23,16,12/11/23,"SG,KK",12/18/23,14:34:00,14:45:00,14:52:00,13.1,NA,FC,t14,7,66,1.76,M,1,L,0,14,,P,P,,FISH SLIGHTLY LOE
T14_DSExp3_12_18_2023,DS,1/1/23,16,12/11/23,"SG,KK",12/18/23,14:34:00,14:45:00,14:52:00,13.1,NA,FC,t14,7,66,1.76,M,2,R,0,14,,P,P,,"FISH SLIGHTLY LOE - FAIL, DISREGARD"
T14_DSExp3_12_18_2023,DS,1/1/23,16,12/11/23,"SG,KK",12/18/23,14:34:00,14:45:00,14:52:00,13.1,NA,FC,t14,7,66,1.76,M,3,R,0,14,,F,G,,FISH SLIGHTLY LOE
T14_DSExp3_12_18_2023,DS,1/1/23,16,12/11/23,"SG,KK",12/18/23,14:34:00,14:45:00,14:52:00,13.1,NA,FC,t14,7,66,1.76,M,4,L,0,14,,P,P,1,FISH SLIGHTLY LOE
T14_DSExp3_12_18_2023,DS,1/1/23,16,12/11/23,"SG,KK",12/18/23,14:34:00,14:45:00,14:52:00,13.1,NA,FC,t14,7,66,1.76,M,5,R,0,14,,P,P,,FISH SLIGHTLY LOE
T14_DSExp3_12_18_2023,DS,1/1/23,16,12/11/23,"SG,KK",12/18/23,14:34:00,14:45:00,14:52:00,13.1,NA,FC,t14,7,66,1.76,M,6,L,0,14,,G,G,,FISH SLIGHTLY LOE
T14_DSExp3_12_18_2023,DS,1/1/23,16,12/11/23,"SG,KK",12/18/23,14:34:00,14:45:00,14:52:00,13.1,NA,FC,t14,7,66,1.76,M,7,R,9,14,,G,G,,FISH SLIGHTLY LOE
T14_DSExp3_12_18_2023,DS,1/1/23,16,12/11/23,"SG,KK",12/18/23,14:34:00,14:45:00,14:52:00,13.1,NA,FC,t14,7,66,1.76,M,8,L,5,12,,G,G,,FISH SLIGHTLY LOE - MISSED 8-11
T14_DSExp3_12_18_2023,DS,1/1/23,16,12/11/23,"SG,KK",12/18/23,14:34:00,14:45:00,14:52:00,13.1,NA,FC,t14,7,66,1.76,M,9,R,2,14,,P,P,2,FISH SLIGHTLY LOE
T15_DSExp3_12_19_2023,DS,1/1/23,16,12/11/23,"SG,KK",12/19/23,10:08:00,10:18:00,10:26:00,12.1,85,VT,t15,12,74,3.29,F,1,L,2,14,,G,G,1,MISSED 5-9
T15_DSExp3_12_19_2023,DS,1/1/23,16,12/11/23,"SG,KK",12/19/23,10:08:00,10:18:00,10:26:00,12.1,85,VT,t15,12,74,3.29,F,2,R,0,14,,F,P,,
T15_DSExp3_12_19_2023,DS,1/1/23,16,12/11/23,"SG,KK",12/19/23,10:08:00,10:18:00,10:26:00,12.1,85,VT,t15,12,74,3.29,F,3,L,0,14,,G,G,,
T15_DSExp3_12_19_2023,DS,1/1/23,16,12/11/23,"SG,KK",12/19/23,10:08:00,10:18:00,10:26:00,12.1,85,VT,t15,12,74,3.29,F,4,R,0,14,,P,P,,
T15_DSExp3_12_19_2023,DS,1/1/23,16,12/11/23,"SG,KK",12/19/23,10:08:00,10:18:00,10:26:00,12.1,85,VT,t15,12,74,3.29,F,5,L,0,14,,P,P,,"FAIL, DISREGARD"
T15_DSExp3_12_19_2023,DS,1/1/23,16,12/11/23,"SG,KK",12/19/23,10:08:00,10:18:00,10:26:00,12.1,85,VT,t15,12,74,3.29,F,6,R,0,14,,P,P,1,"FAIL, DISREGARD"
T15_DSExp3_12_19_2023,DS,1/1/23,16,12/11/23,"SG,KK",12/19/23,10:08:00,10:18:00,10:26:00,12.1,85,VT,t15,12,74,3.29,F,7,L,1,14,,G,G,,
T15_DSExp3_12_19_2023,DS,1/1/23,16,12/11/23,"SG,KK",12/19/23,10:08:00,10:18:00,10:26:00,12.1,85,VT,t15,12,74,3.29,F,8,R,2,14,,G,G,,LASER MALFUNCTION AT 9 AND 13
T16_DSExp3_12_19_2023,DS,1/1/23,16,12/11/23,"SG,KK",12/19/23,10:28:00,10:40:00,10:47:00,12.3,NA,FC,t16,10,77,3.75,F,1,L,4,14,,G,G,,
T16_DSExp3_12_19_2023,DS,1/1/23,16,12/11/23,"SG,KK",12/19/23,10:28:00,10:40:00,10:47:00,12.3,NA,FC,t16,10,77,3.75,F,2,R,0,14,,G,G,,
T16_DSExp3_12_19_2023,DS,1/1/23,16,12/11/23,"SG,KK",12/19/23,10:28:00,10:40:00,10:47:00,12.3,NA,FC,t16,10,77,3.75,F,3,L,0,14,,G,G,,
T16_DSExp3_12_19_2023,DS,1/1/23,16,12/11/23,"SG,KK",12/19/23,10:28:00,10:40:00,10:47:00,12.3,NA,FC,t16,10,77,3.75,F,4,R,0,14,,P,P,,
T16_DSExp3_12_19_2023,DS,1/1/23,16,12/11/23,"SG,KK",12/19/23,10:28:00,10:40:00,10:47:00,12.3,NA,FC,t16,10,77,3.75,F,5,L,0,14,,P,P,,
T16_DSExp3_12_19_2023,DS,1/1/23,16,12/11/23,"SG,KK",12/19/23,10:28:00,10:40:00,10:47:00,12.3,NA,FC,t16,10,77,3.75,F,6,L,0,14,,G,G,,
T16_DSExp3_12_19_2023,DS,1/1/23,16,12/11/23,"SG,KK",12/19/23,10:28:00,10:40:00,10:47:00,12.3,NA,FC,t16,10,77,3.75,F,7,R,3,14,,G,G,,
T16_DSExp3_12_19_2023,DS,1/1/23,16,12/11/23,"SG,KK",12/19/23,10:28:00,10:40:00,10:47:00,12.3,NA,FC,t16,10,77,3.75,F,8,L,0,14,,F,P,,
T17_DSExp3_12_19_2023,DS,1/1/23,16,12/11/23,"SG,KK",12/19/23,10:48:00,11:00:00,11:11:00,12.4,03D4,LT,t17,11,80,3.43,F,1,L,0,14,,P,P,,"FAIL, DISREGARD"
T17_DSExp3_12_19_2023,DS,1/1/23,16,12/11/23,"SG,KK",12/19/23,10:48:00,11:00:00,11:11:00,12.4,03D4,LT,t17,11,80,3.43,F,2,R,4,14,,G,G,,LASER 2 MALFUNCTION
T17_DSExp3_12_19_2023,DS,1/1/23,16,12/11/23,"SG,KK",12/19/23,10:48:00,11:00:00,11:11:00,12.4,03D4,LT,t17,11,80,3.43,F,3,L,0,14,,G,G,,LASER 6 AND 13 MALFUNCTION
T17_DSExp3_12_19_2023,DS,1/1/23,16,12/11/23,"SG,KK",12/19/23,10:48:00,11:00:00,11:11:00,12.4,03D4,LT,t17,11,80,3.43,F,4,R,0,14,,P,P,,"FAIL, DISREGARD"
T17_DSExp3_12_19_2023,DS,1/1/23,16,12/11/23,"SG,KK",12/19/23,10:48:00,11:00:00,11:11:00,12.4,03D4,LT,t17,11,80,3.43,F,5,L,0,10,,G,G,,
T17_DSExp3_12_19_2023,DS,1/1/23,16,12/11/23,"SG,KK",12/19/23,10:48:00,11:00:00,11:11:00,12.4,03D4,LT,t17,11,80,3.43,F,6,R,0,14,,P,P,1,
T17_DSExp3_12_19_2023,DS,1/1/23,16,12/11/23,"SG,KK",12/19/23,10:48:00,11:00:00,11:11:00,12.4,03D4,LT,t17,11,80,3.43,F,7,L,0,14,,F,G,,"LONG REST, FISH NOT RESPONDING WELL"
T17_DSExp3_12_19_2023,DS,1/1/23,16,12/11/23,"SG,KK",12/19/23,10:48:00,11:00:00,11:11:00,12.4,03D4,LT,t17,11,80,3.43,F,8,R,3,11,,G,G,,
T17_DSExp3_12_19_2023,DS,1/1/23,16,12/11/23,"SG,KK",12/19/23,10:48:00,11:00:00,11:11:00,12.4,03D4,LT,t17,11,80,3.43,F,9,L,0,14,,P,P,,"FAIL, DISREGARD"
T17_DSExp3_12_19_2023,DS,1/1/23,16,12/11/23,"SG,KK",12/19/23,10:48:00,11:00:00,11:11:00,12.4,03D4,LT,t17,11,80,3.43,F,10,R,0,14,,G,G,,
T18_DSExp3_12_19_2023,DS,1/1/23,16,12/11/23,"SG,KK",12/19/23,11:12:00,11:24:00,11:33:00,12.2,02B5,LT,t18,11,74,2.65,F,1,R,1,7,,G,G,,
T18_DSExp3_12_19_2023,DS,1/1/23,16,12/11/23,"SG,KK",12/19/23,11:12:00,11:24:00,11:33:00,12.2,02B5,LT,t18,11,74,2.65,F,2,L,0,14,,G,G,,
T18_DSExp3_12_19_2023,DS,1/1/23,16,12/11/23,"SG,KK",12/19/23,11:12:00,11:24:00,11:33:00,12.2,02B5,LT,t18,11,74,2.65,F,3,R,2,14,,G,G,,
T18_DSExp3_12_19_2023,DS,1/1/23,16,12/11/23,"SG,KK",12/19/23,11:12:00,11:24:00,11:33:00,12.2,02B5,LT,t18,11,74,2.65,F,4,L,0,14,,P,P,1,"FAIL, DISREGARD"
T18_DSExp3_12_19_2023,DS,1/1/23,16,12/11/23,"SG,KK",12/19/23,11:12:00,11:24:00,11:33:00,12.2,02B5,LT,t18,11,74,2.65,F,5,R,5,14,,G,G,,
T18_DSExp3_12_19_2023,DS,1/1/23,16,12/11/23,"SG,KK",12/19/23,11:12:00,11:24:00,11:33:00,12.2,02B5,LT,t18,11,74,2.65,F,6,L,0,14,,P,P,,
T18_DSExp3_12_19_2023,DS,1/1/23,16,12/11/23,"SG,KK",12/19/23,11:12:00,11:24:00,11:33:00,12.2,02B5,LT,t18,11,74,2.65,F,7,R,0,6,,G,G,1,DELAY DUE TO LASER ISSUE
T18_DSExp3_12_19_2023,DS,1/1/23,16,12/11/23,"SG,KK",12/19/23,11:12:00,11:24:00,11:33:00,12.2,02B5,LT,t18,11,74,2.65,F,8,L,8,14,,G,G,,LASER 13 MALFUNCTION
T19_DSExp3_12_19_2023,DS,1/1/23,16,12/11/23,"SG,KK",12/19/23,11:34:00,11:49:00,11:56:00,12.4,200,VT,t19,12,72,2.41,M,1,L,,,,P,P,,"FAIL, DISREGARD"
T19_DSExp3_12_19_2023,DS,1/1/23,16,12/11/23,"SG,KK",12/19/23,11:34:00,11:49:00,11:56:00,12.4,200,VT,t19,12,72,2.41,M,2,L,0,14,,G,G,,LASER 6 MALFUNCTION
T19_DSExp3_12_19_2023,DS,1/1/23,16,12/11/23,"SG,KK",12/19/23,11:34:00,11:49:00,11:56:00,12.4,200,VT,t19,12,72,2.41,M,3,L,0,14,,G,P,,
T19_DSExp3_12_19_2023,DS,1/1/23,16,12/11/23,"SG,KK",12/19/23,11:34:00,11:49:00,11:56:00,12.4,200,VT,t19,12,72,2.41,M,4,R,3,14,,G,G,1,
T19_DSExp3_12_19_2023,DS,1/1/23,16,12/11/23,"SG,KK",12/19/23,11:34:00,11:49:00,11:56:00,12.4,200,VT,t19,12,72,2.41,M,5,L,2,14,,G,G,,LASER 9 MALFUNCTION
T19_DSExp3_12_19_2023,DS,1/1/23,16,12/11/23,"SG,KK",12/19/23,11:34:00,11:49:00,11:56:00,12.4,200,VT,t19,12,72,2.41,M,6,R,,,,P,P,,"FAIL, DISREGARD"
T19_DSExp3_12_19_2023,DS,1/1/23,16,12/11/23,"SG,KK",12/19/23,11:34:00,11:49:00,11:56:00,12.4,200,VT,t19,12,72,2.41,M,7,R,,,,P,P,,
T19_DSExp3_12_19_2023,DS,1/1/23,16,12/11/23,"SG,KK",12/19/23,11:34:00,11:49:00,11:56:00,12.4,200,VT,t19,12,72,2.41,M,8,L,0,14,,G,G,,LASER 9 MALFUNCTION
T20_DSExp3_12_19_2023,DS,1/1/23,16,12/11/23,"SG,KK",12/19/23,13:16:00,13:27:00,13:36:00,11.6,NA,FC,t20,10,79,2.84,M,1,L,5,14,,G,G,,LASER 13 MALFUNCTION
T20_DSExp3_12_19_2023,DS,1/1/23,16,12/11/23,"SG,KK",12/19/23,13:16:00,13:27:00,13:36:00,11.6,NA,FC,t20,10,79,2.84,M,2,R,3,14,,G,G,,
T20_DSExp3_12_19_2023,DS,1/1/23,16,12/11/23,"SG,KK",12/19/23,13:16:00,13:27:00,13:36:00,11.6,NA,FC,t20,10,79,2.84,M,3,L,,,9,P,P,,"FAIL, DISREGARD"
T20_DSExp3_12_19_2023,DS,1/1/23,16,12/11/23,"SG,KK",12/19/23,13:16:00,13:27:00,13:36:00,11.6,NA,FC,t20,10,79,2.84,M,4,R,2,14,,G,G,,
T20_DSExp3_12_19_2023,DS,1/1/23,16,12/11/23,"SG,KK",12/19/23,13:16:00,13:27:00,13:36:00,11.6,NA,FC,t20,10,79,2.84,M,5,L,1,14,,G,G,1,LASER 13 MALFUNCTION
T20_DSExp3_12_19_2023,DS,1/1/23,16,12/11/23,"SG,KK",12/19/23,13:16:00,13:27:00,13:36:00,11.6,NA,FC,t20,10,79,2.84,M,6,R,0,14,10,G,G,,
T20_DSExp3_12_19_2023,DS,1/1/23,16,12/11/23,"SG,KK",12/19/23,13:16:00,13:27:00,13:36:00,11.6,NA,FC,t20,10,79,2.84,M,7,L,6,14,,G,G,,
T20_DSExp3_12_19_2023,DS,1/1/23,16,12/11/23,"SG,KK",12/19/23,13:16:00,13:27:00,13:36:00,11.6,NA,FC,t20,10,79,2.84,M,8,R,2,14,8,G,G,1,
T21_DSExp3_12_19_2023,DS,1/1/23,16,12/11/23,"SG,KK",12/19/23,13:37:00,13:49:00,13:57:00,12.3,NA,FC,t21,10,72,2.63,M,1,L,0,14,,G,G,,LASER 13 MALFUNCTION
T21_DSExp3_12_19_2023,DS,1/1/23,16,12/11/23,"SG,KK",12/19/23,13:37:00,13:49:00,13:57:00,12.3,NA,FC,t21,10,72,2.63,M,2,R,2,14,,G,G,,
T21_DSExp3_12_19_2023,DS,1/1/23,16,12/11/23,"SG,KK",12/19/23,13:37:00,13:49:00,13:57:00,12.3,NA,FC,t21,10,72,2.63,M,3,L,0,14,,G,G,,
T21_DSExp3_12_19_2023,DS,1/1/23,16,12/11/23,"SG,KK",12/19/23,13:37:00,13:49:00,13:57:00,12.3,NA,FC,t21,10,72,2.63,M,4,R,0,14,,G,G,,
T21_DSExp3_12_19_2023,DS,1/1/23,16,12/11/23,"SG,KK",12/19/23,13:37:00,13:49:00,13:57:00,12.3,NA,FC,t21,10,72,2.63,M,5,L,0,14,,G,G,,
T21_DSExp3_12_19_2023,DS,1/1/23,16,12/11/23,"SG,KK",12/19/23,13:37:00,13:49:00,13:57:00,12.3,NA,FC,t21,10,72,2.63,M,6,L,0,14,,G,G,,
T21_DSExp3_12_19_2023,DS,1/1/23,16,12/11/23,"SG,KK",12/19/23,13:37:00,13:49:00,13:57:00,12.3,NA,FC,t21,10,72,2.63,M,7,R,2,14,,G,G,,
T21_DSExp3_12_19_2023,DS,1/1/23,16,12/11/23,"SG,KK",12/19/23,13:37:00,13:49:00,13:57:00,12.3,NA,FC,t21,10,72,2.63,M,8,L,,,,P,P,,
T22_DSExp3_12_19_2023,DS,1/1/23,16,12/11/23,"SG,KK",12/19/23,13:58:00,14:09:00,14:21:00,12.5,615,LT,t22,11,81,4.81,F,1,L,0,14,,G,G,,
T22_DSExp3_12_19_2023,DS,1/1/23,16,12/11/23,"SG,KK",12/19/23,13:58:00,14:09:00,14:21:00,12.5,615,LT,t22,11,81,4.81,F,2,R,0,14,,G,G,,
T22_DSExp3_12_19_2023,DS,1/1/23,16,12/11/23,"SG,KK",12/19/23,13:58:00,14:09:00,14:21:00,12.5,615,LT,t22,11,81,4.81,F,3,L,0,14,,F,F,,
T22_DSExp3_12_19_2023,DS,1/1/23,16,12/11/23,"SG,KK",12/19/23,13:58:00,14:09:00,14:21:00,12.5,615,LT,t22,11,81,4.81,F,4,R,0,14,,F,P,1,
T22_DSExp3_12_19_2023,DS,1/1/23,16,12/11/23,"SG,KK",12/19/23,13:58:00,14:09:00,14:21:00,12.5,615,LT,t22,11,81,4.81,F,5,L,,,,P,P,,FAIL DISREGARD
T22_DSExp3_12_19_2023,DS,1/1/23,16,12/11/23,"SG,KK",12/19/23,13:58:00,14:09:00,14:21:00,12.5,615,LT,t22,11,81,4.81,F,6,R,,,,P,P,,
T22_DSExp3_12_19_2023,DS,1/1/23,16,12/11/23,"SG,KK",12/19/23,13:58:00,14:09:00,14:21:00,12.5,615,LT,t22,11,81,4.81,F,7,L,,,,P,P,,FAIL DISREGARD
T22_DSExp3_12_19_2023,DS,1/1/23,16,12/11/23,"SG,KK",12/19/23,13:58:00,14:09:00,14:21:00,12.5,615,LT,t22,11,81,4.81,F,8,R,,,,P,P,1,FAIL DISREGARD
T22_DSExp3_12_19_2023,DS,1/1/23,16,12/11/23,"SG,KK",12/19/23,13:58:00,14:09:00,14:21:00,12.5,615,LT,t22,11,81,4.81,F,9,R,0,14,,F,G,,
T22_DSExp3_12_19_2023,DS,1/1/23,16,12/11/23,"SG,KK",12/19/23,13:58:00,14:09:00,14:21:00,12.5,615,LT,t22,11,81,4.81,F,10,R,,,,P,P,,FISH IS NO LONGER RESPONDING TO STIMULUS
T22_DSExp3_12_19_2023,DS,1/1/23,16,12/11/23,"SG,KK",12/19/23,13:58:00,14:09:00,14:21:00,12.5,615,LT,t22,11,81,4.81,F,11,R,11,14,,G,G,1,
T22_DSExp3_12_19_2023,DS,1/1/23,16,12/11/23,"SG,KK",12/19/23,13:58:00,14:09:00,14:21:00,12.5,615,LT,t22,11,81,4.81,F,12,L,7,14,,G,G,,
T23_DSExp3_12_19_2023,DS,1/1/23,16,12/11/23,"SG,KK",12/19/23,14:23:00,14:33:00,14:43:00,12.7,NA,FC,t23,10,70,2.18,M,1,R,,,,P,P,,FAIL DISREGARD
T23_DSExp3_12_19_2023,DS,1/1/23,16,12/11/23,"SG,KK",12/19/23,14:23:00,14:33:00,14:43:00,12.7,NA,FC,t23,10,70,2.18,M,2,R,,,,P,P,,
T23_DSExp3_12_19_2023,DS,1/1/23,16,12/11/23,"SG,KK",12/19/23,14:23:00,14:33:00,14:43:00,12.7,NA,FC,t23,10,70,2.18,M,3,L,,,,P,G,,
T23_DSExp3_12_19_2023,DS,1/1/23,16,12/11/23,"SG,KK",12/19/23,14:23:00,14:33:00,14:43:00,12.7,NA,FC,t23,10,70,2.18,M,4,L,6,14,,G,G,,LASER 13 MALFUNCTION
T23_DSExp3_12_19_2023,DS,1/1/23,16,12/11/23,"SG,KK",12/19/23,14:23:00,14:33:00,14:43:00,12.7,NA,FC,t23,10,70,2.18,M,5,R,,,,P,P,,FAIL DISREGARD
T23_DSExp3_12_19_2023,DS,1/1/23,16,12/11/23,"SG,KK",12/19/23,14:23:00,14:33:00,14:43:00,12.7,NA,FC,t23,10,70,2.18,M,6,L,4,14,,G,G,,LASER 13 MALFUNCTION; MISSED 6to12
T23_DSExp3_12_19_2023,DS,1/1/23,16,12/11/23,"SG,KK",12/19/23,14:23:00,14:33:00,14:43:00,12.7,NA,FC,t23,10,70,2.18,M,7,L,0,14,,G,G,,LASER 10 AND 13 MALFUNCTION; LONG BREAK BEFORE NEXT BURST
T23_DSExp3_12_19_2023,DS,1/1/23,16,12/11/23,"SG,KK",12/19/23,14:23:00,14:33:00,14:43:00,12.7,NA,FC,t23,10,70,2.18,M,8,L,0,14,,G,G,,
T24_DSExp3_12_19_2023,DS,1/1/23,16,12/11/23,"SG,KK",12/19/23,14:44:00,14:56:00,15:05:00,13,376,LT,t24,11,72,2.35,F,1,L,0,14,,G,G,,LASER 13 MALFUNCTION
T24_DSExp3_12_19_2023,DS,1/1/23,16,12/11/23,"SG,KK",12/19/23,14:44:00,14:56:00,15:05:00,13,376,LT,t24,11,72,2.35,F,2,R,0,14,,F,P,,
T24_DSExp3_12_19_2023,DS,1/1/23,16,12/11/23,"SG,KK",12/19/23,14:44:00,14:56:00,15:05:00,13,376,LT,t24,11,72,2.35,F,3,L,0,14,,G,G,,"LASER 9 MALFUNCTION, MISSED 4to8"
T24_DSExp3_12_19_2023,DS,1/1/23,16,12/11/23,"SG,KK",12/19/23,14:44:00,14:56:00,15:05:00,13,376,LT,t24,11,72,2.35,F,4,R,4,14,,G,G,1,
T24_DSExp3_12_19_2023,DS,1/1/23,16,12/11/23,"SG,KK",12/19/23,14:44:00,14:56:00,15:05:00,13,376,LT,t24,11,72,2.35,F,5,L,2,14,,G,G,,LASER 13 MALFUNCTION. MISSED 12
T24_DSExp3_12_19_2023,DS,1/1/23,16,12/11/23,"SG,KK",12/19/23,14:44:00,14:56:00,15:05:00,13,376,LT,t24,11,72,2.35,F,6,R,,,,P,P,,
T24_DSExp3_12_19_2023,DS,1/1/23,16,12/11/23,"SG,KK",12/19/23,14:44:00,14:56:00,15:05:00,13,376,LT,t24,11,72,2.35,F,7,L,8,14,,G,G,,LASER 13 MALFUNCTION. MISSED 12
T24_DSExp3_12_19_2023,DS,1/1/23,16,12/11/23,"SG,KK",12/19/23,14:44:00,14:56:00,15:05:00,13,376,LT,t24,11,72,2.35,F,8,R,,,,P,P,,
T25_DSExp3_12_19_2023,DS,1/1/23,16,12/11/23,"SG,KK",12/19/23,15:06:00,15:16:00,15:26:00,12.8,NA,FC,t25,10,77,3.03,F,1,R,5,14,,G,G,,
T25_DSExp3_12_19_2023,DS,1/1/23,16,12/11/23,"SG,KK",12/19/23,15:06:00,15:16:00,15:26:00,12.8,NA,FC,t25,10,77,3.03,F,2,L,0,14,,G,G,,"LASER 11 AND 13 MALFUNCTION, MISSED 8to12"
T25_DSExp3_12_19_2023,DS,1/1/23,16,12/11/23,"SG,KK",12/19/23,15:06:00,15:16:00,15:26:00,12.8,NA,FC,t25,10,77,3.03,F,3,R,,,,P,P,,FAIL DISREGARD
T25_DSExp3_12_19_2023,DS,1/1/23,16,12/11/23,"SG,KK",12/19/23,15:06:00,15:16:00,15:26:00,12.8,NA,FC,t25,10,77,3.03,F,4,L,4,14,,G,G,,"LASER 13 MALFUNCTIONED, MISSED 11"
T25_DSExp3_12_19_2023,DS,1/1/23,16,12/11/23,"SG,KK",12/19/23,15:06:00,15:16:00,15:26:00,12.8,NA,FC,t25,10,77,3.03,F,5,R,2,14,,G,G,,
T25_DSExp3_12_19_2023,DS,1/1/23,16,12/11/23,"SG,KK",12/19/23,15:06:00,15:16:00,15:26:00,12.8,NA,FC,t25,10,77,3.03,F,6,L,0,14,,G,G,,"LASER 10 MALFUNCTIONED, MISSED 6to9"
T25_DSExp3_12_19_2023,DS,1/1/23,16,12/11/23,"SG,KK",12/19/23,15:06:00,15:16:00,15:26:00,12.8,NA,FC,t25,10,77,3.03,F,7,R,0,14,,G,G,,"LASER 9 AND 13 MALFUNCTIONED, ISSED 4to8,12"
T25_DSExp3_12_19_2023,DS,1/1/23,16,12/11/23,"SG,KK",12/19/23,15:06:00,15:16:00,15:26:00,12.8,NA,FC,t25,10,77,3.03,F,8,L,0,14,,G,G,,"LASER 13 MALFUNCTIONED, MISSED 12"
T26_DSExp3_12_20_2023,DS,1/1/23,16,12/11/23,"SG,KK",12/20/23,9:00:00,9:17:00,9:27:00,12.8,52,VT,t26,3,73,2.69,M,1,L,3,14,,G,G,,"LONG ACCLIM, FISH SEEMED STRESSED; LASER 11 MALFUNCTION, MISSED 8,9,10"
T26_DSExp3_12_20_2023,DS,1/1/23,16,12/11/23,"SG,KK",12/20/23,9:00:00,9:17:00,9:27:00,12.8,52,VT,t26,3,73,2.69,M,2,L,0,14,,F,P,,"LONG ACCLIM, FISH SEEMED STRESSED;"
T26_DSExp3_12_20_2023,DS,1/1/23,16,12/11/23,"SG,KK",12/20/23,9:00:00,9:17:00,9:27:00,12.8,52,VT,t26,3,73,2.69,M,3,R,4,14,,G,G,,"LONG ACCLIM, FISH SEEMED STRESSED; MISSED 10"
T26_DSExp3_12_20_2023,DS,1/1/23,16,12/11/23,"SG,KK",12/20/23,9:00:00,9:17:00,9:27:00,12.8,52,VT,t26,3,73,2.69,M,4,L,,,,P,P,,"LONG ACCLIM, FISH SEEMED STRESSED; FAIL DISREGARD"
T26_DSExp3_12_20_2023,DS,1/1/23,16,12/11/23,"SG,KK",12/20/23,9:00:00,9:17:00,9:27:00,12.8,52,VT,t26,3,73,2.69,M,5,R,,,,P,P,,"LONG ACCLIM, FISH SEEMED STRESSED;"
T26_DSExp3_12_20_2023,DS,1/1/23,16,12/11/23,"SG,KK",12/20/23,9:00:00,9:17:00,9:27:00,12.8,52,VT,t26,3,73,2.69,M,6,L,,,,P,P,,"LONG ACCLIM, FISH SEEMED STRESSED;"
T26_DSExp3_12_20_2023,DS,1/1/23,16,12/11/23,"SG,KK",12/20/23,9:00:00,9:17:00,9:27:00,12.8,52,VT,t26,3,73,2.69,M,7,R,6,14,,G,G,1,"LONG ACCLIM, FISH SEEMED STRESSED; FISH PANICKING PRE-STIMULUS; MISSED 8to13"
T26_DSExp3_12_20_2023,DS,1/1/23,16,12/11/23,"SG,KK",12/20/23,9:00:00,9:17:00,9:27:00,12.8,52,VT,t26,3,73,2.69,M,8,L,0,3,4,G,F,,"LONG ACCLIM, FISH SEEMED STRESSED;"
T26_DSExp3_12_20_2023,DS,1/1/23,16,12/11/23,"SG,KK",12/20/23,9:00:00,9:17:00,9:27:00,12.8,52,VT,t26,3,73,2.69,M,9,R,4,14,,G,G,,"LONG ACCLIM, FISH SEEMED STRESSED; MISSED 10,11,13"
T27_DSExp3_12_20_2023,DS,1/1/23,16,12/11/23,"SG,KK",12/20/23,9:29:00,9:40:00,9:48:00,12.7,NA,FC,t27,1,67,2.14,M,1,L,2,14,,G,G,,"LASER 11 MALFUNCTIONED; MISSED 3,8,9,10,12"
T27_DSExp3_12_20_2023,DS,1/1/23,16,12/11/23,"SG,KK",12/20/23,9:29:00,9:40:00,9:48:00,12.7,NA,FC,t27,1,67,2.14,M,2,L,0,8,9,G,P,,"EXTRA TIME BEFORE BURST 2; PINNED IN GATE AFTER BURST 1, APPEARS FINE"
T27_DSExp3_12_20_2023,DS,1/1/23,16,12/11/23,"SG,KK",12/20/23,9:29:00,9:40:00,9:48:00,12.7,NA,FC,t27,1,67,2.14,M,3,R,1,14,,G,G,,
T27_DSExp3_12_20_2023,DS,1/1/23,16,12/11/23,"SG,KK",12/20/23,9:29:00,9:40:00,9:48:00,12.7,NA,FC,t27,1,67,2.14,M,4,L,,,,P,P,,
T27_DSExp3_12_20_2023,DS,1/1/23,16,12/11/23,"SG,KK",12/20/23,9:29:00,9:40:00,9:48:00,12.7,NA,FC,t27,1,67,2.14,M,5,R,1,14,,G,G,,"LASER 8 MALFUNCTIONED; MISSED 3to7,11,12"
T27_DSExp3_12_20_2023,DS,1/1/23,16,12/11/23,"SG,KK",12/20/23,9:29:00,9:40:00,9:48:00,12.7,NA,FC,t27,1,67,2.14,M,6,L,,,,P,P,1,FAIL DISREGARD
T27_DSExp3_12_20_2023,DS,1/1/23,16,12/11/23,"SG,KK",12/20/23,9:29:00,9:40:00,9:48:00,12.7,NA,FC,t27,1,67,2.14,M,7,R,,,,P,P,,FAIL DISREGARD
T27_DSExp3_12_20_2023,DS,1/1/23,16,12/11/23,"SG,KK",12/20/23,9:29:00,9:40:00,9:48:00,12.7,NA,FC,t27,1,67,2.14,M,8,R,1,14,,G,G,,"MISSED 2,3,4,12,13"
T28_DSExp3_12_20_2023,DS,1/1/23,16,12/11/23,"SG,KK",12/20/23,9:49:00,10:00:00,10:09:00,12.9,01A8,VT,t28,3,74,2.77,M,1,L,0,14,,G,G,,"LASER 12 MALFUNCTIONED; MISSED 10,11; FISH PANICKING"
T28_DSExp3_12_20_2023,DS,1/1/23,16,12/11/23,"SG,KK",12/20/23,9:49:00,10:00:00,10:09:00,12.9,01A8,VT,t28,3,74,2.77,M,2,R,0,14,,G,G,1,LASER 7 MALFUNCTIONED; MISSED 2to6
T28_DSExp3_12_20_2023,DS,1/1/23,16,12/11/23,"SG,KK",12/20/23,9:49:00,10:00:00,10:09:00,12.9,01A8,VT,t28,3,74,2.77,M,3,L,4,14,,G,G,,LASER 11 MALFUNCTIONED; MISSED 5to10
T28_DSExp3_12_20_2023,DS,1/1/23,16,12/11/23,"SG,KK",12/20/23,9:49:00,10:00:00,10:09:00,12.9,01A8,VT,t28,3,74,2.77,M,4,R,2,14,,G,G,,LASER 13 MALFUNCTIONED; MISSED 12
T28_DSExp3_12_20_2023,DS,1/1/23,16,12/11/23,"SG,KK",12/20/23,9:49:00,10:00:00,10:09:00,12.9,01A8,VT,t28,3,74,2.77,M,5,L,,,,P,P,,
T28_DSExp3_12_20_2023,DS,1/1/23,16,12/11/23,"SG,KK",12/20/23,9:49:00,10:00:00,10:09:00,12.9,01A8,VT,t28,3,74,2.77,M,6,R,6,14,,G,G,,"MISSED 11,12,13"
T28_DSExp3_12_20_2023,DS,1/1/23,16,12/11/23,"SG,KK",12/20/23,9:49:00,10:00:00,10:09:00,12.9,01A8,VT,t28,3,74,2.77,M,7,L,6,14,,G,G,,
T28_DSExp3_12_20_2023,DS,1/1/23,16,12/11/23,"SG,KK",12/20/23,9:49:00,10:00:00,10:09:00,12.9,01A8,VT,t28,3,74,2.77,M,8,R,,,,P,P,,
T29_DSExp3_12_20_2023,DS,1/1/23,16,12/11/23,"SG,KK",12/20/23,10:12:00,10:25:00,,12.7,057F,LT,t29,2,77,2.79,UNK,1,L,11,14,,G,G,,JUMPED OUT OF TUNNEL AFTER 2 BURSTS; EUTHANIZED
T29_DSExp3_12_20_2023,DS,1/1/23,16,12/11/23,"SG,KK",12/20/23,10:12:00,10:25:00,,12.7,057F,LT,t29,2,77,2.79,UNK,2,R,,,,P,P,,JUMPED OUT OF TUNNEL AFTER 2 BURSTS; EUTHANIZED
T29_DSExp3_12_20_2023,DS,1/1/23,16,12/11/23,"SG,KK",12/20/23,10:12:00,10:25:00,,12.7,057F,LT,t29,2,77,2.79,UNK,3,L,,,,P,P,,FAIL DISREGARD
T30_DSExp3_12_20_2023,DS,1/1/23,16,12/13/23,"SG,KK",12/20/23,10:30:00,10:40:00,10:48:00,12.9,551,LT,t30,2,75,2.81,F,1,R,6,14,,G,G,,
T30_DSExp3_12_20_2023,DS,1/1/23,16,12/13/23,"SG,KK",12/20/23,10:30:00,10:40:00,10:48:00,12.9,551,LT,t30,2,75,2.81,F,2,L,0,14,,P,P,,"FAIL, DISREGARD, AFTER TRIAL 2 FISH GIVEN LONGER RECOVERY, SINCE THE FISH FISH WAS EXTREMELY STRESSED"
T30_DSExp3_12_20_2023,DS,1/1/23,16,12/13/23,"SG,KK",12/20/23,10:30:00,10:40:00,10:48:00,12.9,551,LT,t30,2,75,2.81,F,3,L,8,14,,G,G,1,
T30_DSExp3_12_20_2023,DS,1/1/23,16,12/13/23,"SG,KK",12/20/23,10:30:00,10:40:00,10:48:00,12.9,551,LT,t30,2,75,2.81,F,4,R,0,14,,P,P,,
T30_DSExp3_12_20_2023,DS,1/1/23,16,12/13/23,"SG,KK",12/20/23,10:30:00,10:40:00,10:48:00,12.9,551,LT,t30,2,75,2.81,F,5,L,3,14,,G,G,1,
T30_DSExp3_12_20_2023,DS,1/1/23,16,12/13/23,"SG,KK",12/20/23,10:30:00,10:40:00,10:48:00,12.9,551,LT,t30,2,75,2.81,F,6,R,0,14,,P,P,,
T30_DSExp3_12_20_2023,DS,1/1/23,16,12/13/23,"SG,KK",12/20/23,10:30:00,10:40:00,10:48:00,12.9,551,LT,t30,2,75,2.81,F,7,L,0,14,,P,P,,
T30_DSExp3_12_20_2023,DS,1/1/23,16,12/13/23,"SG,KK",12/20/23,10:30:00,10:40:00,10:48:00,12.9,551,LT,t30,2,75,2.81,F,8,R,0,14,,G,G,,
T31_DSExp3_12_20_2023,DS,1/1/23,16,12/13/23,"SG,KK",12/20/23,10:50:00,11:10:00,11:19:00,12.7,258,VT,t31,3,70,2.04,M,1,L,0,14,,P,P,,
T31_DSExp3_12_20_2023,DS,1/1/23,16,12/13/23,"SG,KK",12/20/23,10:50:00,11:10:00,11:19:00,12.7,258,VT,t31,3,70,2.04,M,2,R,0,14,,P,P,,
T31_DSExp3_12_20_2023,DS,1/1/23,16,12/13/23,"SG,KK",12/20/23,10:50:00,11:10:00,11:19:00,12.7,258,VT,t31,3,70,2.04,M,3,L,0,14,,P,P,,
T31_DSExp3_12_20_2023,DS,1/1/23,16,12/13/23,"SG,KK",12/20/23,10:50:00,11:10:00,11:19:00,12.7,258,VT,t31,3,70,2.04,M,4,L,0,14,,F,G,1,
T31_DSExp3_12_20_2023,DS,1/1/23,16,12/13/23,"SG,KK",12/20/23,10:50:00,11:10:00,11:19:00,12.7,258,VT,t31,3,70,2.04,M,5,R,0,14,,P,P,,
T31_DSExp3_12_20_2023,DS,1/1/23,16,12/13/23,"SG,KK",12/20/23,10:50:00,11:10:00,11:19:00,12.7,258,VT,t31,3,70,2.04,M,6,L,0,14,,P,P,,FAIL DISREGARD
T31_DSExp3_12_20_2023,DS,1/1/23,16,12/13/23,"SG,KK",12/20/23,10:50:00,11:10:00,11:19:00,12.7,258,VT,t31,3,70,2.04,M,7,R,0,14,,P,P,,FAIL DISREGARD
T31_DSExp3_12_20_2023,DS,1/1/23,16,12/13/23,"SG,KK",12/20/23,10:50:00,11:10:00,11:19:00,12.7,258,VT,t31,3,70,2.04,M,8,R,8,14,,G,G,,
T31_DSExp3_12_20_2023,DS,1/1/23,16,12/13/23,"SG,KK",12/20/23,10:50:00,11:10:00,11:19:00,12.7,258,VT,t31,3,70,2.04,M,9,L,5,11,12,G,P,,
T31_DSExp3_12_20_2023,DS,1/1/23,16,12/13/23,"SG,KK",12/20/23,10:50:00,11:10:00,11:19:00,12.7,258,VT,t31,3,70,2.04,M,10,R,0,14,,P,P,,FAIL DISREGARD
T31_DSExp3_12_20_2023,DS,1/1/23,16,12/13/23,"SG,KK",12/20/23,10:50:00,11:10:00,11:19:00,12.7,258,VT,t31,3,70,2.04,M,11,L,9,14,,G,G,,
T32_DSExp3_12_20_2023,DS,1/1/23,16,12/13/23,"SG,KK",12/20/23,11:21:00,11:31:00,11:38:00,12.7,NA,FC,t32,1,79,4.29,F,1,L,0,14,,P,P,,FAIL DISREGARD
T32_DSExp3_12_20_2023,DS,1/1/23,16,12/13/23,"SG,KK",12/20/23,11:21:00,11:31:00,11:38:00,12.7,NA,FC,t32,1,79,4.29,F,2,R,1,14,,G,G,,"MISSED 4,5,6,7,8,9,10,11"
T32_DSExp3_12_20_2023,DS,1/1/23,16,12/13/23,"SG,KK",12/20/23,11:21:00,11:31:00,11:38:00,12.7,NA,FC,t32,1,79,4.29,F,3,L,0,14,,G,G,,"MISSED 4,5,6,7,8,9,10,"
T32_DSExp3_12_20_2023,DS,1/1/23,16,12/13/23,"SG,KK",12/20/23,11:21:00,11:31:00,11:38:00,12.7,NA,FC,t32,1,79,4.29,F,4,R,2,14,,G,G,,
T32_DSExp3_12_20_2023,DS,1/1/23,16,12/13/23,"SG,KK",12/20/23,11:21:00,11:31:00,11:38:00,12.7,NA,FC,t32,1,79,4.29,F,5,L,0,14,,F,P,,
T32_DSExp3_12_20_2023,DS,1/1/23,16,12/13/23,"SG,KK",12/20/23,11:21:00,11:31:00,11:38:00,12.7,NA,FC,t32,1,79,4.29,F,6,R,10,14,,G,G,,
T32_DSExp3_12_20_2023,DS,1/1/23,16,12/13/23,"SG,KK",12/20/23,11:21:00,11:31:00,11:38:00,12.7,NA,FC,t32,1,79,4.29,F,7,L,2,14,,G,G,,
T32_DSExp3_12_20_2023,DS,1/1/23,16,12/13/23,"SG,KK",12/20/23,11:21:00,11:31:00,11:38:00,12.7,NA,FC,t32,1,79,4.29,F,8,R,3,7,,G,G,,
T33_DSExp3_12_20_2023,DS,1/1/23,16,12/13/23,"SG,KK",12/20/23,12:30:00,12:40:00,12:48:00,12.2,NA,FC,t33,1,68,1.94,M,1,L,6,14,,G,G,,"LAZER 12 MALFUNCTIONED, MISSED 10 & 11"
T33_DSExp3_12_20_2023,DS,1/1/23,16,12/13/23,"SG,KK",12/20/23,12:30:00,12:40:00,12:48:00,12.2,NA,FC,t33,1,68,1.94,M,2,R,7,14,,G,G,,"LAZER 6 MALFUNCTIONED, MISSED 1,2, 3,4,5"
T33_DSExp3_12_20_2023,DS,1/1/23,16,12/13/23,"SG,KK",12/20/23,12:30:00,12:40:00,12:48:00,12.2,NA,FC,t33,1,68,1.94,M,3,L,4,14,,G,G,,
T33_DSExp3_12_20_2023,DS,1/1/23,16,12/13/23,"SG,KK",12/20/23,12:30:00,12:40:00,12:48:00,12.2,NA,FC,t33,1,68,1.94,M,4,R,0,14,,G,G,,"LAZER 12 MALFUNCTIONED, MISSED 10 & 11"
T33_DSExp3_12_20_2023,DS,1/1/23,16,12/13/23,"SG,KK",12/20/23,12:30:00,12:40:00,12:48:00,12.2,NA,FC,t33,1,68,1.94,M,5,L,2,11,,G,G,1,
T33_DSExp3_12_20_2023,DS,1/1/23,16,12/13/23,"SG,KK",12/20/23,12:30:00,12:40:00,12:48:00,12.2,NA,FC,t33,1,68,1.94,M,6,R,5,14,,G,G,1,"LAZER 12 MALFUNCTIONED, MISSED 10 & 11"
T33_DSExp3_12_20_2023,DS,1/1/23,16,12/13/23,"SG,KK",12/20/23,12:30:00,12:40:00,12:48:00,12.2,NA,FC,t33,1,68,1.94,M,7,L,0,14,,P,P,2,FAIL DISREGARD
T33_DSExp3_12_20_2023,DS,1/1/23,16,12/13/23,"SG,KK",12/20/23,12:30:00,12:40:00,12:48:00,12.2,NA,FC,t33,1,68,1.94,M,8,L,3,14,,G,G,,
T34_DSExp3_12_20_2023,DS,1/1/23,16,12/13/23,"SG,KK",12/20/23,12:49:00,13:02:00,13:09:00,12.7,06EE,LT,t34,2,78,3.28,F,1,R,0,14,,P,P,1,
T34_DSExp3_12_20_2023,DS,1/1/23,16,12/13/23,"SG,KK",12/20/23,12:49:00,13:02:00,13:09:00,12.7,06EE,LT,t34,2,78,3.28,F,2,L,2,14,,G,G,,
T34_DSExp3_12_20_2023,DS,1/1/23,16,12/13/23,"SG,KK",12/20/23,12:49:00,13:02:00,13:09:00,12.7,06EE,LT,t34,2,78,3.28,F,3,R,0,14,,P,P,,
T34_DSExp3_12_20_2023,DS,1/1/23,16,12/13/23,"SG,KK",12/20/23,12:49:00,13:02:00,13:09:00,12.7,06EE,LT,t34,2,78,3.28,F,4,L,1,14,,G,G,,
T34_DSExp3_12_20_2023,DS,1/1/23,16,12/13/23,"SG,KK",12/20/23,12:49:00,13:02:00,13:09:00,12.7,06EE,LT,t34,2,78,3.28,F,5,R,0,14,,P,P,,
T34_DSExp3_12_20_2023,DS,1/1/23,16,12/13/23,"SG,KK",12/20/23,12:49:00,13:02:00,13:09:00,12.7,06EE,LT,t34,2,78,3.28,F,6,L,0,14,,G,G,,
T34_DSExp3_12_20_2023,DS,1/1/23,16,12/13/23,"SG,KK",12/20/23,12:49:00,13:02:00,13:09:00,12.7,06EE,LT,t34,2,78,3.28,F,7,R,0,14,,P,P,,
T34_DSExp3_12_20_2023,DS,1/1/23,16,12/13/23,"SG,KK",12/20/23,12:49:00,13:02:00,13:09:00,12.7,06EE,LT,t34,2,78,3.28,F,8,L,8,14,,G,G,,
T35_DSExp3_12_20_2023,DS,1/1/23,16,12/13/23,"SG,KK",12/20/23,13:10:00,13:22:00,13:29:00,12.8,148,VT,t35,3,70,2.32,M,1,L,3,9,10,G,P,,
T35_DSExp3_12_20_2023,DS,1/1/23,16,12/13/23,"SG,KK",12/20/23,13:10:00,13:22:00,13:29:00,12.8,148,VT,t35,3,70,2.32,M,2,R,9,14,,G,P,,
T35_DSExp3_12_20_2023,DS,1/1/23,16,12/13/23,"SG,KK",12/20/23,13:10:00,13:22:00,13:29:00,12.8,148,VT,t35,3,70,2.32,M,3,L,0,14,,F,P,,
T35_DSExp3_12_20_2023,DS,1/1/23,16,12/13/23,"SG,KK",12/20/23,13:10:00,13:22:00,13:29:00,12.8,148,VT,t35,3,70,2.32,M,4,R,0,14,,F,P,,
T35_DSExp3_12_20_2023,DS,1/1/23,16,12/13/23,"SG,KK",12/20/23,13:10:00,13:22:00,13:29:00,12.8,148,VT,t35,3,70,2.32,M,5,L,0,14,,P,P,,
T35_DSExp3_12_20_2023,DS,1/1/23,16,12/13/23,"SG,KK",12/20/23,13:10:00,13:22:00,13:29:00,12.8,148,VT,t35,3,70,2.32,M,6,R,0,14,,G,G,,FAIL DISREGARD
T35_DSExp3_12_20_2023,DS,1/1/23,16,12/13/23,"SG,KK",12/20/23,13:10:00,13:22:00,13:29:00,12.8,148,VT,t35,3,70,2.32,M,7,L,0,14,,G,P,,
T35_DSExp3_12_20_2023,DS,1/1/23,16,12/13/23,"SG,KK",12/20/23,13:10:00,13:22:00,13:29:00,12.8,148,VT,t35,3,70,2.32,M,8,R,0,14,,P,P,,NO STIM
T36_DSExp3_12_20_2023,DS,1/1/23,16,12/13/23,"SG,KK",12/20/23,13:31:00,13:42:00,13:50:00,12.6,N/A,FC,t36,1,79,3.79,F,1,L,0,14,,P,P,,FAIL DISREGARD
T36_DSExp3_12_20_2023,DS,1/1/23,16,12/13/23,"SG,KK",12/20/23,13:31:00,13:42:00,13:50:00,12.6,N/A,FC,t36,1,79,3.79,F,2,L,0,14,,P,P,,
T36_DSExp3_12_20_2023,DS,1/1/23,16,12/13/23,"SG,KK",12/20/23,13:31:00,13:42:00,13:50:00,12.6,N/A,FC,t36,1,79,3.79,F,3,L,0,14,,P,P,1,FAIL DISREGARD
T36_DSExp3_12_20_2023,DS,1/1/23,16,12/13/23,"SG,KK",12/20/23,13:31:00,13:42:00,13:50:00,12.6,N/A,FC,t36,1,79,3.79,F,4,L,0,14,,P,P,,"FAIL DISREGARD, VERY GOOD BURST, BUT LAZER MALFUNCTION"
T36_DSExp3_12_20_2023,DS,1/1/23,16,12/13/23,"SG,KK",12/20/23,13:31:00,13:42:00,13:50:00,12.6,N/A,FC,t36,1,79,3.79,F,5,R,7,14,,G,G,,
T36_DSExp3_12_20_2023,DS,1/1/23,16,12/13/23,"SG,KK",12/20/23,13:31:00,13:42:00,13:50:00,12.6,N/A,FC,t36,1,79,3.79,F,6,R,5,14,,G,G,,
T36_DSExp3_12_20_2023,DS,1/1/23,16,12/13/23,"SG,KK",12/20/23,13:31:00,13:42:00,13:50:00,12.6,N/A,FC,t36,1,79,3.79,F,7,L,0,14,,G,G,,
T36_DSExp3_12_20_2023,DS,1/1/23,16,12/13/23,"SG,KK",12/20/23,13:31:00,13:42:00,13:50:00,12.6,N/A,FC,t36,1,79,3.79,F,8,R,0,14,,P,P,,
T36_DSExp3_12_20_2023,DS,1/1/23,16,12/13/23,"SG,KK",12/20/23,13:31:00,13:42:00,13:50:00,12.6,N/A,FC,t36,1,79,3.79,F,9,L,0,14,,P,P,,FAIL DISREGARD
T36_DSExp3_12_20_2023,DS,1/1/23,16,12/13/23,"SG,KK",12/20/23,13:31:00,13:42:00,13:50:00,12.6,N/A,FC,t36,1,79,3.79,F,10,L,0,14,,P,P,,
T37_DSExp3_12_20_2023,DS,1/1/23,16,12/13/23,"SG,KK",12/20/23,13:51:00,14:02:00,14:15:00,12.9,06CE,VT,t37,3,79,3.32,F,1,L,0,14,,P,P,,FAIL DISREGARD
T37_DSExp3_12_20_2023,DS,1/1/23,16,12/13/23,"SG,KK",12/20/23,13:51:00,14:02:00,14:15:00,12.9,06CE,VT,t37,3,79,3.32,F,2,R,0,14,,P,P,,
T37_DSExp3_12_20_2023,DS,1/1/23,16,12/13/23,"SG,KK",12/20/23,13:51:00,14:02:00,14:15:00,12.9,06CE,VT,t37,3,79,3.32,F,3,L,0,14,,P,P,,FAIL DISREGARD
T37_DSExp3_12_20_2023,DS,1/1/23,16,12/13/23,"SG,KK",12/20/23,13:51:00,14:02:00,14:15:00,12.9,06CE,VT,t37,3,79,3.32,F,4,R,0,14,,P,P,,FAIL DISREGARD
T37_DSExp3_12_20_2023,DS,1/1/23,16,12/13/23,"SG,KK",12/20/23,13:51:00,14:02:00,14:15:00,12.9,06CE,VT,t37,3,79,3.32,F,5,L,0,14,,P,P,1,FAIL DISREGARD
T37_DSExp3_12_20_2023,DS,1/1/23,16,12/13/23,"SG,KK",12/20/23,13:51:00,14:02:00,14:15:00,12.9,06CE,VT,t37,3,79,3.32,F,6,L,0,14,,P,P,,FAIL DISREGARD
T37_DSExp3_12_20_2023,DS,1/1/23,16,12/13/23,"SG,KK",12/20/23,13:51:00,14:02:00,14:15:00,12.9,06CE,VT,t37,3,79,3.32,F,7,L,0,14,,P,P,,
T37_DSExp3_12_20_2023,DS,1/1/23,16,12/13/23,"SG,KK",12/20/23,13:51:00,14:02:00,14:15:00,12.9,06CE,VT,t37,3,79,3.32,F,8,R,4,14,,G,G,,
T37_DSExp3_12_20_2023,DS,1/1/23,16,12/13/23,"SG,KK",12/20/23,13:51:00,14:02:00,14:15:00,12.9,06CE,VT,t37,3,79,3.32,F,9,L,0,14,,P,P,,
T37_DSExp3_12_20_2023,DS,1/1/23,16,12/13/23,"SG,KK",12/20/23,13:51:00,14:02:00,14:15:00,12.9,06CE,VT,t37,3,79,3.32,F,10,R,11,14,,G,G,,"LASER 12 MALFUNCTIONED , MISSED 10 &11"
T37_DSExp3_12_20_2023,DS,1/1/23,16,12/13/23,"SG,KK",12/20/23,13:51:00,14:02:00,14:15:00,12.9,06CE,VT,t37,3,79,3.32,F,11,L,8,14,,G,G,,
T38_DSExp3_12_20_2023,DS,1/1/23,16,12/13/23,"SG,KK",12/20/23,14:16:00,14:27:00,14:35:00,12.3,219,LT,t38,2,81,4.09,M,1,R,6,14,,G,G,,
T38_DSExp3_12_20_2023,DS,1/1/23,16,12/13/23,"SG,KK",12/20/23,14:16:00,14:27:00,14:35:00,12.3,219,LT,t38,2,81,4.09,M,2,L,0,14,,G,G,,
T38_DSExp3_12_20_2023,DS,1/1/23,16,12/13/23,"SG,KK",12/20/23,14:16:00,14:27:00,14:35:00,12.3,219,LT,t38,2,81,4.09,M,3,R,0,14,,P,P,,
T38_DSExp3_12_20_2023,DS,1/1/23,16,12/13/23,"SG,KK",12/20/23,14:16:00,14:27:00,14:35:00,12.3,219,LT,t38,2,81,4.09,M,4,L,0,14,,P,P,,
T38_DSExp3_12_20_2023,DS,1/1/23,16,12/13/23,"SG,KK",12/20/23,14:16:00,14:27:00,14:35:00,12.3,219,LT,t38,2,81,4.09,M,5,R,0,14,,P,P,,FAIL DISREGARD
T38_DSExp3_12_20_2023,DS,1/1/23,16,12/13/23,"SG,KK",12/20/23,14:16:00,14:27:00,14:35:00,12.3,219,LT,t38,2,81,4.09,M,6,R,0,14,,F,G,,
T38_DSExp3_12_20_2023,DS,1/1/23,16,12/13/23,"SG,KK",12/20/23,14:16:00,14:27:00,14:35:00,12.3,219,LT,t38,2,81,4.09,M,7,L,7,14,,G,G,,
T38_DSExp3_12_20_2023,DS,1/1/23,16,12/13/23,"SG,KK",12/20/23,14:16:00,14:27:00,14:35:00,12.3,219,LT,t38,2,81,4.09,M,8,R,0,14,,P,P,,
T39_DSExp3_12_20_2023,DS,1/1/23,16,12/13/23,"SG,KK",12/20/23,14:37:00,14:48:00,14:57:00,12.6,249,VT,t39,3,70,2.63,F,1,L,0,14,,P,P,1,FAIL DISREGARD
T39_DSExp3_12_20_2023,DS,1/1/23,16,12/13/23,"SG,KK",12/20/23,14:37:00,14:48:00,14:57:00,12.6,249,VT,t39,3,70,2.63,F,2,R,0,14,,P,P,,
T39_DSExp3_12_20_2023,DS,1/1/23,16,12/13/23,"SG,KK",12/20/23,14:37:00,14:48:00,14:57:00,12.6,249,VT,t39,3,70,2.63,F,3,L,6,14,,G,G,,"LASER 13 MALFUNCTIONED, MISSED 12"
T39_DSExp3_12_20_2023,DS,1/1/23,16,12/13/23,"SG,KK",12/20/23,14:37:00,14:48:00,14:57:00,12.6,249,VT,t39,3,70,2.63,F,4,R,0,14,,P,P,,FAIL DISREGARD
T39_DSExp3_12_20_2023,DS,1/1/23,16,12/13/23,"SG,KK",12/20/23,14:37:00,14:48:00,14:57:00,12.6,249,VT,t39,3,70,2.63,F,5,L,3,14,,G,G,,"LASER 10 & 13 MALFUNCTIONED, MISSED 6,7,8,9,12"
T39_DSExp3_12_20_2023,DS,1/1/23,16,12/13/23,"SG,KK",12/20/23,14:37:00,14:48:00,14:57:00,12.6,249,VT,t39,3,70,2.63,F,6,R,5,14,,G,G,,
T39_DSExp3_12_20_2023,DS,1/1/23,16,12/13/23,"SG,KK",12/20/23,14:37:00,14:48:00,14:57:00,12.6,249,VT,t39,3,70,2.63,F,7,L,0,14,,F,P,,
T39_DSExp3_12_20_2023,DS,1/1/23,16,12/13/23,"SG,KK",12/20/23,14:37:00,14:48:00,14:57:00,12.6,249,VT,t39,3,70,2.63,F,8,R,4,14,,G,G,,
T40_DSExp3_12_20_2023,DS,1/1/23,16,12/13/23,"SG,KK",12/20/23,14:58:00,15:11:00,15:18:00,12.4,742,VT,t40,3,69,2.16,M,1,L,0,14,,P,P,,FAIL DISREGARD
T40_DSExp3_12_20_2023,DS,1/1/23,16,12/13/23,"SG,KK",12/20/23,14:58:00,15:11:00,15:18:00,12.4,742,VT,t40,3,69,2.16,M,2,L,0,14,,G,P,,MISSED 7
T40_DSExp3_12_20_2023,DS,1/1/23,16,12/13/23,"SG,KK",12/20/23,14:58:00,15:11:00,15:18:00,12.4,742,VT,t40,3,69,2.16,M,3,R,2,14,,G,G,,
T40_DSExp3_12_20_2023,DS,1/1/23,16,12/13/23,"SG,KK",12/20/23,14:58:00,15:11:00,15:18:00,12.4,742,VT,t40,3,69,2.16,M,4,L,0,14,,P,P,,FAIL DISREGARD
T40_DSExp3_12_20_2023,DS,1/1/23,16,12/13/23,"SG,KK",12/20/23,14:58:00,15:11:00,15:18:00,12.4,742,VT,t40,3,69,2.16,M,5,R,0,14,,P,P,,
T40_DSExp3_12_20_2023,DS,1/1/23,16,12/13/23,"SG,KK",12/20/23,14:58:00,15:11:00,15:18:00,12.4,742,VT,t40,3,69,2.16,M,6,L,0,14,,P,P,,FAIL DISREGARD
T40_DSExp3_12_20_2023,DS,1/1/23,16,12/13/23,"SG,KK",12/20/23,14:58:00,15:11:00,15:18:00,12.4,742,VT,t40,3,69,2.16,M,7,L,5,14,,G,G,,
T40_DSExp3_12_20_2023,DS,1/1/23,16,12/13/23,"SG,KK",12/20/23,14:58:00,15:11:00,15:18:00,12.4,742,VT,t40,3,69,2.16,M,8,R,3,14,,G,G,,
T41_DSExp3_12_20_2023,DS,1/1/23,16,12/13/23,"SG,KK",12/20/23,15:21:00,15:35:00,15:42:00,12.5,009A,LT,t41,2,77,3.74,F,1,L,0,14,,G,G,,"MISSED 7,8,9,10, 11, 12, 13"
T41_DSExp3_12_20_2023,DS,1/1/23,16,12/13/23,"SG,KK",12/20/23,15:21:00,15:35:00,15:42:00,12.5,009A,LT,t41,2,77,3.74,F,2,R,3,14,,G,G,,
T41_DSExp3_12_20_2023,DS,1/1/23,16,12/13/23,"SG,KK",12/20/23,15:21:00,15:35:00,15:42:00,12.5,009A,LT,t41,2,77,3.74,F,3,L,4,14,,G,G,,"LASER 12 MALFUNCTIONED, MISSED 10 & 11"
T41_DSExp3_12_20_2023,DS,1/1/23,16,12/13/23,"SG,KK",12/20/23,15:21:00,15:35:00,15:42:00,12.5,009A,LT,t41,2,77,3.74,F,4,R,4,14,,G,G,,
T41_DSExp3_12_20_2023,DS,1/1/23,16,12/13/23,"SG,KK",12/20/23,15:21:00,15:35:00,15:42:00,12.5,009A,LT,t41,2,77,3.74,F,5,L,1,14,,G,G,,
T41_DSExp3_12_20_2023,DS,1/1/23,16,12/13/23,"SG,KK",12/20/23,15:21:00,15:35:00,15:42:00,12.5,009A,LT,t41,2,77,3.74,F,6,R,9,14,,G,G,,
T41_DSExp3_12_20_2023,DS,1/1/23,16,12/13/23,"SG,KK",12/20/23,15:21:00,15:35:00,15:42:00,12.5,009A,LT,t41,2,77,3.74,F,7,L,5,14,,G,G,,
T41_DSExp3_12_20_2023,DS,1/1/23,16,12/13/23,"SG,KK",12/20/23,15:21:00,15:35:00,15:42:00,12.5,009A,LT,t41,2,77,3.74,F,8,R,6,14,,G,G,,
T42_DSExp3_12_20_2023,DS,1/1/23,16,12/13/23,"SG,KK",12/20/23,15:43:00,15:55:00,16:01:00,12.5,NA,FC,t42,1,79,4.19,F,1,L,0,14,,P,G,,
T42_DSExp3_12_20_2023,DS,1/1/23,16,12/13/23,"SG,KK",12/20/23,15:43:00,15:55:00,16:01:00,12.5,NA,FC,t42,1,79,4.19,F,2,R,0,14,,P,G,,
T42_DSExp3_12_20_2023,DS,1/1/23,16,12/13/23,"SG,KK",12/20/23,15:43:00,15:55:00,16:01:00,12.5,NA,FC,t42,1,79,4.19,F,3,L,0,14,,G,P,,
T42_DSExp3_12_20_2023,DS,1/1/23,16,12/13/23,"SG,KK",12/20/23,15:43:00,15:55:00,16:01:00,12.5,NA,FC,t42,1,79,4.19,F,4,R,6,14,,G,G,,
T42_DSExp3_12_20_2023,DS,1/1/23,16,12/13/23,"SG,KK",12/20/23,15:43:00,15:55:00,16:01:00,12.5,NA,FC,t42,1,79,4.19,F,5,L,0,14,,G,G,,
T42_DSExp3_12_20_2023,DS,1/1/23,16,12/13/23,"SG,KK",12/20/23,15:43:00,15:55:00,16:01:00,12.5,NA,FC,t42,1,79,4.19,F,6,R,0,14,,P,P,,
T42_DSExp3_12_20_2023,DS,1/1/23,16,12/13/23,"SG,KK",12/20/23,15:43:00,15:55:00,16:01:00,12.5,NA,FC,t42,1,79,4.19,F,7,L,0,14,,G,G,,
T42_DSExp3_12_20_2023,DS,1/1/23,16,12/13/23,"SG,KK",12/20/23,15:43:00,15:55:00,16:01:00,12.5,NA,FC,t42,1,79,4.19,F,8,R,6,14,,G,G,,
T43_DSExp3_12_20_2023,DS,1/1/23,16,12/13/23,SG,12/20/23,16:55:00,17:05:00,17:14:00,12.2,131,VT,t43,3,75,2.85,M,1,L,0,14,,G,G,,
T43_DSExp3_12_20_2023,DS,1/1/23,16,12/13/23,SG,12/20/23,16:55:00,17:05:00,17:14:00,12.2,131,VT,t43,3,75,2.85,M,2,R,5,14,,G,F,,
T43_DSExp3_12_20_2023,DS,1/1/23,16,12/13/23,SG,12/20/23,16:55:00,17:05:00,17:14:00,12.2,131,VT,t43,3,75,2.85,M,3,L,0,14,,P,P,,FAIL DISREGARD
T43_DSExp3_12_20_2023,DS,1/1/23,16,12/13/23,SG,12/20/23,16:55:00,17:05:00,17:14:00,12.2,131,VT,t43,3,75,2.85,M,4,R,0,14,,F,F,,
T43_DSExp3_12_20_2023,DS,1/1/23,16,12/13/23,SG,12/20/23,16:55:00,17:05:00,17:14:00,12.2,131,VT,t43,3,75,2.85,M,5,L,1,5,6,G,G,,
T43_DSExp3_12_20_2023,DS,1/1/23,16,12/13/23,SG,12/20/23,16:55:00,17:05:00,17:14:00,12.2,131,VT,t43,3,75,2.85,M,6,R,9,14,,G,G,1,
T43_DSExp3_12_20_2023,DS,1/1/23,16,12/13/23,SG,12/20/23,16:55:00,17:05:00,17:14:00,12.2,131,VT,t43,3,75,2.85,M,7,L,0,14,,P,P,,
T43_DSExp3_12_20_2023,DS,1/1/23,16,12/13/23,SG,12/20/23,16:55:00,17:05:00,17:14:00,12.2,131,VT,t43,3,75,2.85,M,8,R,1,6,,G,G,1,
T44_DSExp3_12_20_2023,DS,1/1/23,16,12/13/23,SG,12/20/23,17:29:00,17:39:00,17:48:00,12.6,733,VT,t44,3,74,2.8,F,1,L,0,14,,P,P,,"FAIL, DISREGARD"
T44_DSExp3_12_20_2023,DS,1/1/23,16,12/13/23,SG,12/20/23,17:29:00,17:39:00,17:48:00,12.6,733,VT,t44,3,74,2.8,F,2,R,0,14,,G,G,,MISSED 3
T44_DSExp3_12_20_2023,DS,1/1/23,16,12/13/23,SG,12/20/23,17:29:00,17:39:00,17:48:00,12.6,733,VT,t44,3,74,2.8,F,3,L,10,14,,G,G,,
T44_DSExp3_12_20_2023,DS,1/1/23,16,12/13/23,SG,12/20/23,17:29:00,17:39:00,17:48:00,12.6,733,VT,t44,3,74,2.8,F,4,R,6,14,,G,G,,
T44_DSExp3_12_20_2023,DS,1/1/23,16,12/13/23,SG,12/20/23,17:29:00,17:39:00,17:48:00,12.6,733,VT,t44,3,74,2.8,F,5,L,0,14,,P,P,,
T44_DSExp3_12_20_2023,DS,1/1/23,16,12/13/23,SG,12/20/23,17:29:00,17:39:00,17:48:00,12.6,733,VT,t44,3,74,2.8,F,6,R,0,14,,P,P,,"FAIL, DISREGARD"
T44_DSExp3_12_20_2023,DS,1/1/23,16,12/13/23,SG,12/20/23,17:29:00,17:39:00,17:48:00,12.6,733,VT,t44,3,74,2.8,F,7,L,8,14,,G,G,,
T44_DSExp3_12_20_2023,DS,1/1/23,16,12/13/23,SG,12/20/23,17:29:00,17:39:00,17:48:00,12.6,733,VT,t44,3,74,2.8,F,8,R,0,14,,G,G,,
T45_DSExp3_12_20_2023,DS,1/1/23,16,12/13/23,SG,12/20/23,17:57:00,18:07:00,18:18:00,12.6,036F,VT,t45,3,71,2.31,M,1,R,0,14,,P,P,,"FAIL, DISREGARD"
T45_DSExp3_12_20_2023,DS,1/1/23,16,12/13/23,SG,12/20/23,17:57:00,18:07:00,18:18:00,12.6,036F,VT,t45,3,71,2.31,M,2,R,6,14,,G,G,,MISSED 11
T45_DSExp3_12_20_2023,DS,1/1/23,16,12/13/23,SG,12/20/23,17:57:00,18:07:00,18:18:00,12.6,036F,VT,t45,3,71,2.31,M,3,L,1,14,,G,G,,MISSED 6 AND 7
T45_DSExp3_12_20_2023,DS,1/1/23,16,12/13/23,SG,12/20/23,17:57:00,18:07:00,18:18:00,12.6,036F,VT,t45,3,71,2.31,M,4,R,0,14,,P,P,,
T45_DSExp3_12_20_2023,DS,1/1/23,16,12/13/23,SG,12/20/23,17:57:00,18:07:00,18:18:00,12.6,036F,VT,t45,3,71,2.31,M,5,L,0,14,,P,P,1,
T45_DSExp3_12_20_2023,DS,1/1/23,16,12/13/23,SG,12/20/23,17:57:00,18:07:00,18:18:00,12.6,036F,VT,t45,3,71,2.31,M,6,R,0,14,,P,P,,
T45_DSExp3_12_20_2023,DS,1/1/23,16,12/13/23,SG,12/20/23,17:57:00,18:07:00,18:18:00,12.6,036F,VT,t45,3,71,2.31,M,7,R,0,14,,P,P,,"FAIL, DISREGARD"
T45_DSExp3_12_20_2023,DS,1/1/23,16,12/13/23,SG,12/20/23,17:57:00,18:07:00,18:18:00,12.6,036F,VT,t45,3,71,2.31,M,8,L,8,14,,G,G,2,
T45_DSExp3_12_20_2023,DS,1/1/23,16,12/13/23,SG,12/20/23,17:57:00,18:07:00,18:18:00,12.6,036F,VT,t45,3,71,2.31,M,9,R,0,14,,P,P,1,
T45_DSExp3_12_20_2023,DS,1/1/23,16,12/13/23,SG,12/20/23,17:57:00,18:07:00,18:18:00,12.6,036F,VT,t45,3,71,2.31,M,10,R,8,14,,G,G,,
T46_DSExp3_12_21_2023,DS,1/1/23,16,12/13/23,"SG,KK",12/21/23,8:56:00,9:07:00,9:18:00,12.9,NA,FC,t46,4,78,3.59,F,1,L,0,14,,G,P,,
T46_DSExp3_12_21_2023,DS,1/1/23,16,12/13/23,"SG,KK",12/21/23,8:56:00,9:07:00,9:18:00,12.9,NA,FC,t46,4,78,3.59,F,2,R,2,14,,G,G,1,
T46_DSExp3_12_21_2023,DS,1/1/23,16,12/13/23,"SG,KK",12/21/23,8:56:00,9:07:00,9:18:00,12.9,NA,FC,t46,4,78,3.59,F,3,L,0,14,,G,G,,
T46_DSExp3_12_21_2023,DS,1/1/23,16,12/13/23,"SG,KK",12/21/23,8:56:00,9:07:00,9:18:00,12.9,NA,FC,t46,4,78,3.59,F,4,R,0,14,,G,G,1,
T46_DSExp3_12_21_2023,DS,1/1/23,16,12/13/23,"SG,KK",12/21/23,8:56:00,9:07:00,9:18:00,12.9,NA,FC,t46,4,78,3.59,F,5,L,7,14,,G,G,,
T46_DSExp3_12_21_2023,DS,1/1/23,16,12/13/23,"SG,KK",12/21/23,8:56:00,9:07:00,9:18:00,12.9,NA,FC,t46,4,78,3.59,F,6,R,11,14,,G,G,,
T46_DSExp3_12_21_2023,DS,1/1/23,16,12/13/23,"SG,KK",12/21/23,8:56:00,9:07:00,9:18:00,12.9,NA,FC,t46,4,78,3.59,F,7,L,0,14,,F,P,,
T46_DSExp3_12_21_2023,DS,1/1/23,16,12/13/23,"SG,KK",12/21/23,8:56:00,9:07:00,9:18:00,12.9,NA,FC,t46,4,78,3.59,F,8,R,0,14,,P,P,1,FISH STARTING TO LOE
T47_DSExp3_12_21_2023,DS,1/1/23,16,12/13/23,"SG,KK",12/21/23,9:20:00,9:32:00,9:38:00,12.9,NA,FC,t47,4,79,3.78,F,1,L,8,14,,G,P,,
T47_DSExp3_12_21_2023,DS,1/1/23,16,12/13/23,"SG,KK",12/21/23,9:20:00,9:32:00,9:38:00,12.9,NA,FC,t47,4,79,3.78,F,2,R,0,14,,P,G,,
T47_DSExp3_12_21_2023,DS,1/1/23,16,12/13/23,"SG,KK",12/21/23,9:20:00,9:32:00,9:38:00,12.9,NA,FC,t47,4,79,3.78,F,3,L,0,14,,P,P,,
T47_DSExp3_12_21_2023,DS,1/1/23,16,12/13/23,"SG,KK",12/21/23,9:20:00,9:32:00,9:38:00,12.9,NA,FC,t47,4,79,3.78,F,4,R,0,14,,F,G,1,
T47_DSExp3_12_21_2023,DS,1/1/23,16,12/13/23,"SG,KK",12/21/23,9:20:00,9:32:00,9:38:00,12.9,NA,FC,t47,4,79,3.78,F,5,L,6,14,,G,G,,MISSED 9-10. LASER 11 MALFUNCTION
T47_DSExp3_12_21_2023,DS,1/1/23,16,12/13/23,"SG,KK",12/21/23,9:20:00,9:32:00,9:38:00,12.9,NA,FC,t47,4,79,3.78,F,6,R,0,14,,F,F,,
T47_DSExp3_12_21_2023,DS,1/1/23,16,12/13/23,"SG,KK",12/21/23,9:20:00,9:32:00,9:38:00,12.9,NA,FC,t47,4,79,3.78,F,7,L,4,14,,G,G,,
T47_DSExp3_12_21_2023,DS,1/1/23,16,12/13/23,"SG,KK",12/21/23,9:20:00,9:32:00,9:38:00,12.9,NA,FC,t47,4,79,3.78,F,8,R,0,14,,P,P,,
T48_DSExp3_12_21_2023,DS,1/1/23,16,12/13/23,"SG,KK",12/21/23,9:41:00,9:53:00,10:01:00,12.9,794,LT,t48,5,72,2.37,F,1,L,0,14,,P,P,,"FAIL, DISREGARD"
T48_DSExp3_12_21_2023,DS,1/1/23,16,12/13/23,"SG,KK",12/21/23,9:41:00,9:53:00,10:01:00,12.9,794,LT,t48,5,72,2.37,F,2,R,0,14,,F,P,1,
T48_DSExp3_12_21_2023,DS,1/1/23,16,12/13/23,"SG,KK",12/21/23,9:41:00,9:53:00,10:01:00,12.9,794,LT,t48,5,72,2.37,F,3,L,0,14,,P,G,,
T48_DSExp3_12_21_2023,DS,1/1/23,16,12/13/23,"SG,KK",12/21/23,9:41:00,9:53:00,10:01:00,12.9,794,LT,t48,5,72,2.37,F,4,R,7,14,,G,G,1,
T48_DSExp3_12_21_2023,DS,1/1/23,16,12/13/23,"SG,KK",12/21/23,9:41:00,9:53:00,10:01:00,12.9,794,LT,t48,5,72,2.37,F,5,L,0,14,,P,P,2,
T48_DSExp3_12_21_2023,DS,1/1/23,16,12/13/23,"SG,KK",12/21/23,9:41:00,9:53:00,10:01:00,12.9,794,LT,t48,5,72,2.37,F,6,R,0,14,,F,G,,
T48_DSExp3_12_21_2023,DS,1/1/23,16,12/13/23,"SG,KK",12/21/23,9:41:00,9:53:00,10:01:00,12.9,794,LT,t48,5,72,2.37,F,7,L,0,14,,G,G,,MISSED 1
T48_DSExp3_12_21_2023,DS,1/1/23,16,12/13/23,"SG,KK",12/21/23,9:41:00,9:53:00,10:01:00,12.9,794,LT,t48,5,72,2.37,F,8,L,4,14,,G,G,1,
T49_DSExp3_12_21_2023,DS,1/1/23,16,12/13/23,"SG,KK",12/21/23,10:03:00,10:14:00,10:21:00,12.9,394,VT,t49,6,71,3.59,F,1,L,8,14,,G,G,,"FISH JUMPED OUT AFTER BURST 5, SHED TAG AT SOME POINT DURING TRIAL (FOUND IN TUNNEL POST TRIAL)"
T49_DSExp3_12_21_2023,DS,1/1/23,16,12/13/23,"SG,KK",12/21/23,10:03:00,10:14:00,10:21:00,12.9,394,VT,t49,6,71,3.59,F,2,L,0,14,,P,P,,"FAIL, DISREGARD"
T49_DSExp3_12_21_2023,DS,1/1/23,16,12/13/23,"SG,KK",12/21/23,10:03:00,10:14:00,10:21:00,12.9,394,VT,t49,6,71,3.59,F,3,L,4,8,9,G,P,,
T49_DSExp3_12_21_2023,DS,1/1/23,16,12/13/23,"SG,KK",12/21/23,10:03:00,10:14:00,10:21:00,12.9,394,VT,t49,6,71,3.59,F,4,R,10,14,,G,G,,LASER 13 MALFUNCTION
T49_DSExp3_12_21_2023,DS,1/1/23,16,12/13/23,"SG,KK",12/21/23,10:03:00,10:14:00,10:21:00,12.9,394,VT,t49,6,71,3.59,F,5,L,0,14,,P,P,,"FAIL, DISREGARD - FISH JUMPED OUT"
T50_DSExp3_12_21_2023,DS,1/1/23,16,12/13/23,"SG,KK",12/21/23,10:23:00,10:34:00,10:43:00,12.9,017D,LT,t50,5,74,2.8,F,1,L,5,14,11,G,G,,
T50_DSExp3_12_21_2023,DS,1/1/23,16,12/13/23,"SG,KK",12/21/23,10:23:00,10:34:00,10:43:00,12.9,017D,LT,t50,5,74,2.8,F,2,R,0,14,,P,P,,
T50_DSExp3_12_21_2023,DS,1/1/23,16,12/13/23,"SG,KK",12/21/23,10:23:00,10:34:00,10:43:00,12.9,017D,LT,t50,5,74,2.8,F,3,L,0,14,,P,P,,"FAIL, DISREGARD"
T50_DSExp3_12_21_2023,DS,1/1/23,16,12/13/23,"SG,KK",12/21/23,10:23:00,10:34:00,10:43:00,12.9,017D,LT,t50,5,74,2.8,F,4,L,10,14,,G,G,,
T50_DSExp3_12_21_2023,DS,1/1/23,16,12/13/23,"SG,KK",12/21/23,10:23:00,10:34:00,10:43:00,12.9,017D,LT,t50,5,74,2.8,F,5,R,0,14,,P,G,,
T50_DSExp3_12_21_2023,DS,1/1/23,16,12/13/23,"SG,KK",12/21/23,10:23:00,10:34:00,10:43:00,12.9,017D,LT,t50,5,74,2.8,F,6,L,0,14,,P,P,,"FAIL, DISREGARD"
T50_DSExp3_12_21_2023,DS,1/1/23,16,12/13/23,"SG,KK",12/21/23,10:23:00,10:34:00,10:43:00,12.9,017D,LT,t50,5,74,2.8,F,7,R,6,14,,G,G,,
T50_DSExp3_12_21_2023,DS,1/1/23,16,12/13/23,"SG,KK",12/21/23,10:23:00,10:34:00,10:43:00,12.9,017D,LT,t50,5,74,2.8,F,8,L,0,14,,P,P,,
T50_DSExp3_12_21_2023,DS,1/1/23,16,12/13/23,"SG,KK",12/21/23,10:23:00,10:34:00,10:43:00,12.9,017D,LT,t50,5,74,2.8,F,9,L,0,14,,P,P,,"FAIL, DISREGARD"
T51_DSExp3_12_21_2023,DS,1/1/23,16,12/13/23,"SG,KK",12/21/23,10:47:00,11:19:00,11:28:00,12.6,04F4,LT,t51,5,78,3.78,F,1,L,7,14,,G,G,,lONG DELAY BEFORE BURST DUE TO LASER MALFUNCTION
T51_DSExp3_12_21_2023,DS,1/1/23,16,12/13/23,"SG,KK",12/21/23,10:47:00,11:19:00,11:28:00,12.6,04F4,LT,t51,5,78,3.78,F,2,R,0,14,,P,P,,"FAIL, DISREGARD"
T51_DSExp3_12_21_2023,DS,1/1/23,16,12/13/23,"SG,KK",12/21/23,10:47:00,11:19:00,11:28:00,12.6,04F4,LT,t51,5,78,3.78,F,3,L,0,14,,P,P,1,
T51_DSExp3_12_21_2023,DS,1/1/23,16,12/13/23,"SG,KK",12/21/23,10:47:00,11:19:00,11:28:00,12.6,04F4,LT,t51,5,78,3.78,F,4,R,0,14,,F,F,,
T51_DSExp3_12_21_2023,DS,1/1/23,16,12/13/23,"SG,KK",12/21/23,10:47:00,11:19:00,11:28:00,12.6,04F4,LT,t51,5,78,3.78,F,5,L,7,14,,G,G,1,
T51_DSExp3_12_21_2023,DS,1/1/23,16,12/13/23,"SG,KK",12/21/23,10:47:00,11:19:00,11:28:00,12.6,04F4,LT,t51,5,78,3.78,F,6,R,11,14,,G,G,,FISH STARTLED BEFORE BURST
T51_DSExp3_12_21_2023,DS,1/1/23,16,12/13/23,"SG,KK",12/21/23,10:47:00,11:19:00,11:28:00,12.6,04F4,LT,t51,5,78,3.78,F,7,L,5,14,,G,G,,
T51_DSExp3_12_21_2023,DS,1/1/23,16,12/13/23,"SG,KK",12/21/23,10:47:00,11:19:00,11:28:00,12.6,04F4,LT,t51,5,78,3.78,F,8,R,0,14,,P,P,,"FISH STARTLED - FAIL, DISREGARD"
T51_DSExp3_12_21_2023,DS,1/1/23,16,12/13/23,"SG,KK",12/21/23,10:47:00,11:19:00,11:28:00,12.6,04F4,LT,t51,5,78,3.78,F,9,L,7,12,13,G,G,,
T52_DSExp3_12_21_2023,DS,1/1/23,16,12/13/23,"SG,KK",12/21/23,16:03:00,16:14:00,16:28:00,12.6,NA,FC,t52,4,80,3.71,F,1,R,0,14,,P,G,2,FISH PANICKING BEFORE BURST
T52_DSExp3_12_21_2023,DS,1/1/23,16,12/13/23,"SG,KK",12/21/23,16:03:00,16:14:00,16:28:00,12.6,NA,FC,t52,4,80,3.71,F,2,L,0,14,,P,P,,FISH NOT RESPONDING WELL TO STIM
T52_DSExp3_12_21_2023,DS,1/1/23,16,12/13/23,"SG,KK",12/21/23,16:03:00,16:14:00,16:28:00,12.6,NA,FC,t52,4,80,3.71,F,3,R,0,14,,P,P,,
T52_DSExp3_12_21_2023,DS,1/1/23,16,12/13/23,"SG,KK",12/21/23,16:03:00,16:14:00,16:28:00,12.6,NA,FC,t52,4,80,3.71,F,4,L,0,14,,P,P,,
T52_DSExp3_12_21_2023,DS,1/1/23,16,12/13/23,"SG,KK",12/21/23,16:03:00,16:14:00,16:28:00,12.6,NA,FC,t52,4,80,3.71,F,5,R,0,14,,P,P,,
T52_DSExp3_12_21_2023,DS,1/1/23,16,12/13/23,"SG,KK",12/21/23,16:03:00,16:14:00,16:28:00,12.6,NA,FC,t52,4,80,3.71,F,6,L,0,14,9,G,G,,MISSED 3
T52_DSExp3_12_21_2023,DS,1/1/23,16,12/13/23,"SG,KK",12/21/23,16:03:00,16:14:00,16:28:00,12.6,NA,FC,t52,4,80,3.71,F,7,R,0,14,,P,P,,
T52_DSExp3_12_21_2023,DS,1/1/23,16,12/13/23,"SG,KK",12/21/23,16:03:00,16:14:00,16:28:00,12.6,NA,FC,t52,4,80,3.71,F,8,R,0,14,,P,P,,"FAIL, DISREGARD"
T52_DSExp3_12_21_2023,DS,1/1/23,16,12/13/23,"SG,KK",12/21/23,16:03:00,16:14:00,16:28:00,12.6,NA,FC,t52,4,80,3.71,F,9,R,7,14,,G,G,,
T52_DSExp3_12_21_2023,DS,1/1/23,16,12/13/23,"SG,KK",12/21/23,16:03:00,16:14:00,16:28:00,12.6,NA,FC,t52,4,80,3.71,F,10,L,5,14,,G,G,,
T52_DSExp3_12_21_2023,DS,1/1/23,16,12/13/23,"SG,KK",12/21/23,16:03:00,16:14:00,16:28:00,12.6,NA,FC,t52,4,80,3.71,F,11,R,0,14,,P,P,,"ORIGINAL T52 TXT FILE LOST, REPLICATED AT END OF DAY"
T53_DSExp3_12_21_2023,DS,1/1/23,16,12/13/23,"SG,KK",12/21/23,12:21:00,13:25:00,13:33:00,13,174,LT,t53,5,78,3.51,M,1,R,6,14,,G,G,,LONG ACCLIMATION DUE TO LASER MALFUNCTION
T53_DSExp3_12_21_2023,DS,1/1/23,16,12/13/23,"SG,KK",12/21/23,12:21:00,13:25:00,13:33:00,13,174,LT,t53,5,78,3.51,M,2,L,0,14,,P,P,,"FAIL, DISREGARD"
T53_DSExp3_12_21_2023,DS,1/1/23,16,12/13/23,"SG,KK",12/21/23,12:21:00,13:25:00,13:33:00,13,174,LT,t53,5,78,3.51,M,3,L,0,14,,P,P,,
T53_DSExp3_12_21_2023,DS,1/1/23,16,12/13/23,"SG,KK",12/21/23,12:21:00,13:25:00,13:33:00,13,174,LT,t53,5,78,3.51,M,4,R,0,9,,G,P,,
T53_DSExp3_12_21_2023,DS,1/1/23,16,12/13/23,"SG,KK",12/21/23,12:21:00,13:25:00,13:33:00,13,174,LT,t53,5,78,3.51,M,5,L,6,14,,G,G,,
T53_DSExp3_12_21_2023,DS,1/1/23,16,12/13/23,"SG,KK",12/21/23,12:21:00,13:25:00,13:33:00,13,174,LT,t53,5,78,3.51,M,6,L,0,14,,P,P,,"FAIL, DISREGARD"
T53_DSExp3_12_21_2023,DS,1/1/23,16,12/13/23,"SG,KK",12/21/23,12:21:00,13:25:00,13:33:00,13,174,LT,t53,5,78,3.51,M,7,L,0,14,,P,P,,"FAIL, DISREGARD"
T53_DSExp3_12_21_2023,DS,1/1/23,16,12/13/23,"SG,KK",12/21/23,12:21:00,13:25:00,13:33:00,13,174,LT,t53,5,78,3.51,M,8,R,0,14,,P,P,,"FAIL, DISREGARD"
T53_DSExp3_12_21_2023,DS,1/1/23,16,12/13/23,"SG,KK",12/21/23,12:21:00,13:25:00,13:33:00,13,174,LT,t53,5,78,3.51,M,9,L,8,14,,G,G,,
T54_DSExp3_12_21_2023,DS,1/1/23,16,12/13/23,"SG,KK",12/21/23,13:38:00,13:49:00,13:56:00,12.9,165,VT,t54,6,72,3.07,M,1,L,0,14,,G,G,,TAG PROTRUDING FROM INCISION
T54_DSExp3_12_21_2023,DS,1/1/23,16,12/13/23,"SG,KK",12/21/23,13:38:00,13:49:00,13:56:00,12.9,165,VT,t54,6,72,3.07,M,2,R,0,14,,P,P,,"FAIL, DISREGARD"
T54_DSExp3_12_21_2023,DS,1/1/23,16,12/13/23,"SG,KK",12/21/23,13:38:00,13:49:00,13:56:00,12.9,165,VT,t54,6,72,3.07,M,3,L,8,14,,G,G,,
T54_DSExp3_12_21_2023,DS,1/1/23,16,12/13/23,"SG,KK",12/21/23,13:38:00,13:49:00,13:56:00,12.9,165,VT,t54,6,72,3.07,M,4,R,0,14,,P,G,1,FISH PANICKING BEFORE BURST
T54_DSExp3_12_21_2023,DS,1/1/23,16,12/13/23,"SG,KK",12/21/23,13:38:00,13:49:00,13:56:00,12.9,165,VT,t54,6,72,3.07,M,5,L,0,14,,P,F,,FISH JUMPED
T54_DSExp3_12_21_2023,DS,1/1/23,16,12/13/23,"SG,KK",12/21/23,13:38:00,13:49:00,13:56:00,12.9,165,VT,t54,6,72,3.07,M,6,R,0,14,,P,P,,"FAIL, DISREGARD"
T54_DSExp3_12_21_2023,DS,1/1/23,16,12/13/23,"SG,KK",12/21/23,13:38:00,13:49:00,13:56:00,12.9,165,VT,t54,6,72,3.07,M,7,R,0,14,,P,P,2,
T54_DSExp3_12_21_2023,DS,1/1/23,16,12/13/23,"SG,KK",12/21/23,13:38:00,13:49:00,13:56:00,12.9,165,VT,t54,6,72,3.07,M,8,R,0,14,,P,P,,
T54_DSExp3_12_21_2023,DS,1/1/23,16,12/13/23,"SG,KK",12/21/23,13:38:00,13:49:00,13:56:00,12.9,165,VT,t54,6,72,3.07,M,9,L,2,14,,G,G,,MISSED 5
T55_DSExp3_12_21_2023,DS,1/1/23,16,12/13/23,"SG,KK",12/21/23,13:58:00,14:08:00,14:16:00,12.9,NA,FC,t55,4,76,2.89,M,1,L,3,14,,G,G,,
T55_DSExp3_12_21_2023,DS,1/1/23,16,12/13/23,"SG,KK",12/21/23,13:58:00,14:08:00,14:16:00,12.9,NA,FC,t55,4,76,2.89,M,2,R,3,14,,G,P,,MISSED 11-13
T55_DSExp3_12_21_2023,DS,1/1/23,16,12/13/23,"SG,KK",12/21/23,13:58:00,14:08:00,14:16:00,12.9,NA,FC,t55,4,76,2.89,M,3,L,2,14,,G,G,,
T55_DSExp3_12_21_2023,DS,1/1/23,16,12/13/23,"SG,KK",12/21/23,13:58:00,14:08:00,14:16:00,12.9,NA,FC,t55,4,76,2.89,M,4,R,8,14,,G,G,,"LASER 13 MALFUNCTION, MISSED 12"
T55_DSExp3_12_21_2023,DS,1/1/23,16,12/13/23,"SG,KK",12/21/23,13:58:00,14:08:00,14:16:00,12.9,NA,FC,t55,4,76,2.89,M,5,L,0,14,,G,G,,
T55_DSExp3_12_21_2023,DS,1/1/23,16,12/13/23,"SG,KK",12/21/23,13:58:00,14:08:00,14:16:00,12.9,NA,FC,t55,4,76,2.89,M,6,L,9,14,,G,G,,
T55_DSExp3_12_21_2023,DS,1/1/23,16,12/13/23,"SG,KK",12/21/23,13:58:00,14:08:00,14:16:00,12.9,NA,FC,t55,4,76,2.89,M,7,R,0,14,,G,G,,
T55_DSExp3_12_21_2023,DS,1/1/23,16,12/13/23,"SG,KK",12/21/23,13:58:00,14:08:00,14:16:00,12.9,NA,FC,t55,4,76,2.89,M,8,L,0,14,,G,G,,
T56_DSExp3_12_21_2023,DS,1/1/23,16,12/13/23,"SG,KK",12/21/23,14:20:00,14:30:00,14:38:00,12.7,NA,FC,t56,4,76,3.27,F,1,R,4,14,,G,G,,"MISSED 6-10, 12, 13"
T56_DSExp3_12_21_2023,DS,1/1/23,16,12/13/23,"SG,KK",12/21/23,14:20:00,14:30:00,14:38:00,12.7,NA,FC,t56,4,76,3.27,F,2,R,0,14,,P,P,1,"FAIL, DISREGARD"
T56_DSExp3_12_21_2023,DS,1/1/23,16,12/13/23,"SG,KK",12/21/23,14:20:00,14:30:00,14:38:00,12.7,NA,FC,t56,4,76,3.27,F,3,L,4,14,,G,G,,
T56_DSExp3_12_21_2023,DS,1/1/23,16,12/13/23,"SG,KK",12/21/23,14:20:00,14:30:00,14:38:00,12.7,NA,FC,t56,4,76,3.27,F,4,R,0,14,,G,P,,
T56_DSExp3_12_21_2023,DS,1/1/23,16,12/13/23,"SG,KK",12/21/23,14:20:00,14:30:00,14:38:00,12.7,NA,FC,t56,4,76,3.27,F,5,L,6,14,,G,G,,
T56_DSExp3_12_21_2023,DS,1/1/23,16,12/13/23,"SG,KK",12/21/23,14:20:00,14:30:00,14:38:00,12.7,NA,FC,t56,4,76,3.27,F,6,R,11,14,,G,G,1,
T56_DSExp3_12_21_2023,DS,1/1/23,16,12/13/23,"SG,KK",12/21/23,14:20:00,14:30:00,14:38:00,12.7,NA,FC,t56,4,76,3.27,F,7,L,0,14,,G,G,,
T56_DSExp3_12_21_2023,DS,1/1/23,16,12/13/23,"SG,KK",12/21/23,14:20:00,14:30:00,14:38:00,12.7,NA,FC,t56,4,76,3.27,F,8,R,10,14,,G,G,,
T57_DSExp3_12_21_2023,DS,1/1/23,16,12/13/23,"SG,KK",12/21/23,14:42:00,14:52:00,15:02:00,13.1,606,LT,t57,5,78,3.22,F,1,L,12,14,,G,G,,
T57_DSExp3_12_21_2023,DS,1/1/23,16,12/13/23,"SG,KK",12/21/23,14:42:00,14:52:00,15:02:00,13.1,606,LT,t57,5,78,3.22,F,2,R,0,14,,P,P,,
T57_DSExp3_12_21_2023,DS,1/1/23,16,12/13/23,"SG,KK",12/21/23,14:42:00,14:52:00,15:02:00,13.1,606,LT,t57,5,78,3.22,F,3,L,3,14,,G,G,,LASER 12 MALFUNCTION
T57_DSExp3_12_21_2023,DS,1/1/23,16,12/13/23,"SG,KK",12/21/23,14:42:00,14:52:00,15:02:00,13.1,606,LT,t57,5,78,3.22,F,4,R,0,14,,P,P,,
T57_DSExp3_12_21_2023,DS,1/1/23,16,12/13/23,"SG,KK",12/21/23,14:42:00,14:52:00,15:02:00,13.1,606,LT,t57,5,78,3.22,F,5,L,0,14,,P,P,,"FAIL, DISREGARD"
T57_DSExp3_12_21_2023,DS,1/1/23,16,12/13/23,"SG,KK",12/21/23,14:42:00,14:52:00,15:02:00,13.1,606,LT,t57,5,78,3.22,F,6,R,2,9,10,G,G,,
T57_DSExp3_12_21_2023,DS,1/1/23,16,12/13/23,"SG,KK",12/21/23,14:42:00,14:52:00,15:02:00,13.1,606,LT,t57,5,78,3.22,F,7,L,0,14,,P,P,,"FAIL, DISREGARD"
T57_DSExp3_12_21_2023,DS,1/1/23,16,12/13/23,"SG,KK",12/21/23,14:42:00,14:52:00,15:02:00,13.1,606,LT,t57,5,78,3.22,F,8,R,8,14,,G,G,,
T58_DSExp3_12_21_2023,DS,1/1/23,16,12/13/23,"SG,KK",12/21/23,15:03:00,15:13:00,15:20:00,12.7,NA,FC,t58,4,65,1.68,M,1,L,1,11,,G,G,,"LASER 9 MALFUNCTION, MISSED 4-8"
T58_DSExp3_12_21_2023,DS,1/1/23,16,12/13/23,"SG,KK",12/21/23,15:03:00,15:13:00,15:20:00,12.7,NA,FC,t58,4,65,1.68,M,2,R,0,14,,P,P,,"FAIL, DISREGARD"
T58_DSExp3_12_21_2023,DS,1/1/23,16,12/13/23,"SG,KK",12/21/23,15:03:00,15:13:00,15:20:00,12.7,NA,FC,t58,4,65,1.68,M,3,L,0,14,,P,P,,
T58_DSExp3_12_21_2023,DS,1/1/23,16,12/13/23,"SG,KK",12/21/23,15:03:00,15:13:00,15:20:00,12.7,NA,FC,t58,4,65,1.68,M,4,R,5,10,,G,P,,
T58_DSExp3_12_21_2023,DS,1/1/23,16,12/13/23,"SG,KK",12/21/23,15:03:00,15:13:00,15:20:00,12.7,NA,FC,t58,4,65,1.68,M,5,L,0,14,,P,P,,"FAIL, DISREGARD"
T58_DSExp3_12_21_2023,DS,1/1/23,16,12/13/23,"SG,KK",12/21/23,15:03:00,15:13:00,15:20:00,12.7,NA,FC,t58,4,65,1.68,M,6,R,0,14,,P,P,,
T58_DSExp3_12_21_2023,DS,1/1/23,16,12/13/23,"SG,KK",12/21/23,15:03:00,15:13:00,15:20:00,12.7,NA,FC,t58,4,65,1.68,M,7,L,2,14,,G,P,,"LASER 9 MALFUNCTION, MISSED 4-8"
T58_DSExp3_12_21_2023,DS,1/1/23,16,12/13/23,"SG,KK",12/21/23,15:03:00,15:13:00,15:20:00,12.7,NA,FC,t58,4,65,1.68,M,8,R,0,14,,F,P,,
T58_DSExp3_12_21_2023,DS,1/1/23,16,12/13/23,"SG,KK",12/21/23,15:03:00,15:13:00,15:20:00,12.7,NA,FC,t58,4,65,1.68,M,9,L,4,14,,G,G,1,
T59_DSExp3_12_21_2023,DS,1/1/23,16,12/13/23,"SG,KK",12/21/23,15:22:00,15:32:00,15:39:00,12.7,111,LT,t59,5,78,3.08,M,1,R,4,14,,G,G,,"LASER 10 MALFUNCTION, MISSED 5-9"
T59_DSExp3_12_21_2023,DS,1/1/23,16,12/13/23,"SG,KK",12/21/23,15:22:00,15:32:00,15:39:00,12.7,111,LT,t59,5,78,3.08,M,2,L,0,14,,P,P,,"FAIL, DISREGARD"
T59_DSExp3_12_21_2023,DS,1/1/23,16,12/13/23,"SG,KK",12/21/23,15:22:00,15:32:00,15:39:00,12.7,111,LT,t59,5,78,3.08,M,3,R,0,14,,P,P,,
T59_DSExp3_12_21_2023,DS,1/1/23,16,12/13/23,"SG,KK",12/21/23,15:22:00,15:32:00,15:39:00,12.7,111,LT,t59,5,78,3.08,M,4,L,10,14,,G,G,,
T59_DSExp3_12_21_2023,DS,1/1/23,16,12/13/23,"SG,KK",12/21/23,15:22:00,15:32:00,15:39:00,12.7,111,LT,t59,5,78,3.08,M,5,R,0,14,,P,P,,
T59_DSExp3_12_21_2023,DS,1/1/23,16,12/13/23,"SG,KK",12/21/23,15:22:00,15:32:00,15:39:00,12.7,111,LT,t59,5,78,3.08,M,6,L,0,14,,G,G,,"LASER 8 MALFUNCTION, MISSED 3-7"
T59_DSExp3_12_21_2023,DS,1/1/23,16,12/13/23,"SG,KK",12/21/23,15:22:00,15:32:00,15:39:00,12.7,111,LT,t59,5,78,3.08,M,7,R,6,9,,G,P,,
T59_DSExp3_12_21_2023,DS,1/1/23,16,12/13/23,"SG,KK",12/21/23,15:22:00,15:32:00,15:39:00,12.7,111,LT,t59,5,78,3.08,M,8,L,0,14,,G,G,,
T60_DSExp3_12_21_2023,DS,1/1/23,16,12/13/23,"SG,KK",12/21/23,15:41:00,15:52:00,16:01:00,12.4,NA,FC,t60,4,66,2.14,UNK,1,L,0,14,,P,P,,"FAIL, DISREGARD"
T60_DSExp3_12_21_2023,DS,1/1/23,16,12/13/23,"SG,KK",12/21/23,15:41:00,15:52:00,16:01:00,12.4,NA,FC,t60,4,66,2.14,UNK,2,R,0,14,,G,G,1,"MISSED 5,6,8,9"
T60_DSExp3_12_21_2023,DS,1/1/23,16,12/13/23,"SG,KK",12/21/23,15:41:00,15:52:00,16:01:00,12.4,NA,FC,t60,4,66,2.14,UNK,3,L,0,14,11,G,G,,
T60_DSExp3_12_21_2023,DS,1/1/23,16,12/13/23,"SG,KK",12/21/23,15:41:00,15:52:00,16:01:00,12.4,NA,FC,t60,4,66,2.14,UNK,4,R,6,14,,G,G,,"LASER 12 MALFUNCTIONED, MISSED 10,11"
T60_DSExp3_12_21_2023,DS,1/1/23,16,12/13/23,"SG,KK",12/21/23,15:41:00,15:52:00,16:01:00,12.4,NA,FC,t60,4,66,2.14,UNK,5,L,0,14,,P,P,,
T60_DSExp3_12_21_2023,DS,1/1/23,16,12/13/23,"SG,KK",12/21/23,15:41:00,15:52:00,16:01:00,12.4,NA,FC,t60,4,66,2.14,UNK,6,R,0,14,,F,P,1,
T60_DSExp3_12_21_2023,DS,1/1/23,16,12/13/23,"SG,KK",12/21/23,15:41:00,15:52:00,16:01:00,12.4,NA,FC,t60,4,66,2.14,UNK,7,L,0,14,,P,P,,"FAIL, DISREGARD"
T60_DSExp3_12_21_2023,DS,1/1/23,16,12/13/23,"SG,KK",12/21/23,15:41:00,15:52:00,16:01:00,12.4,NA,FC,t60,4,66,2.14,UNK,8,R,0,14,,F,F,,adjusted burstQual from Poor to Fair after post-test review of speeds
T60_DSExp3_12_21_2023,DS,1/1/23,16,12/13/23,"SG,KK",12/21/23,15:41:00,15:52:00,16:01:00,12.4,NA,FC,t60,4,66,2.14,UNK,9,L,0,14,,P,P,1,"FAIL, DISREGARD"
T60_DSExp3_12_21_2023,DS,1/1/23,16,12/13/23,"SG,KK",12/21/23,15:41:00,15:52:00,16:01:00,12.4,NA,FC,t60,4,66,2.14,UNK,10,R,6,14,,G,G,,"MISSED 7,11,12"